ID_case;Full_N;Full_effect;Full_b1;Full_b1_SE;Full_b1_p;Full_b2;Full_b2_SE;Full_b2_p;Full_b3;Full_b3_SE;Full_b3_p;Full_R2;Low_N;Low_effect;Low_b1;Low_b1_SE;Low_b1_p;Low_b2;Low_b2_SE;Low_b2_p;Low_b3;Low_b3_SE;Low_b3_p;Low_R2;Upp_N;Upp_effect;Upp_b1;Upp_b1_SE;Upp_b1_p;Upp_b2;Upp_b2_SE;Upp_b2_p;Upp_b3;Upp_b3_SE;Upp_b3_p;Upp_R2;Ecosystem_domain;Water_category;Kingdom;Life_water;Response_group;Response_variable;Response_type;Stressor1_group;Stressor1_variable;Stressor2_group;Stressor2_variable;Stressor_pair;Low_second_gradient_left;Upp_second_gradient_left
1;18;antagonistic;-0.7226;0.278;0.021;0.288;0.2663;0.2978;0.5952;0.2118;0.0139;0.552;19;collapse;0.256;0.57325;0.661;0.259;0.30507;0.41;0.093;0.37907;0.81;0.079;16;collapse;-1.286;0.9809;0.214;0.36;0.667;0.599;-0.497;1.2999;0.709;0.274;Freshwater;Lake;Heterotrophs;Pelagic;Fish;Annual coregonus yield;Biomass/Abundance;Nutrient stress;Mean spring phosphoroous;Thermal stress;Mean annual surface temperature;Nutrient|Thermal;0.826;0.793
2;18;dominant;0.5221;0.1809;0.012;-0.3318;0.1903;0.103;0.0212;0.1248;0.867;0.6819;18;collapse;0.655;0.3929;0.118;-1.179;0.608;0.073;-0.672;0.685;0.343;0.391;17;dominant;0.572;0.22407;0.024;-0.262;0.28731;0.378;0.093;0.20751;0.662;0.568;Freshwater;Lake;Heterotrophs;Pelagic;Fish;Mean adult coregonus length;Biomass/Abundance;Nutrient stress;Mean spring phosphoroous;Thermal stress;Mean annual surface temperature;Nutrient|Thermal;0.634;0.657
3;18;dominant;0.5106;0.2272;0.0413;-0.346;0.239;0.1696;0.0558;0.1567;0.727;0.5645;18;collapse;0.631;0.413;0.149;-1.295;0.6391;0.062;-0.81;0.7201;0.28;0.366;17;dominant;0.882;0.22951;0.002;-0.275;0.29428;0.368;0.221;0.21255;0.317;0.616;Freshwater;Lake;Heterotrophs;Pelagic;Fish;Mean adult coregonus mass;Biomass/Abundance;Nutrient stress;Mean spring phosphoroous;Thermal stress;Mean annual surface temperature;Nutrient|Thermal;0.634;0.657
4;18;additive;-0.7058;0.2358;0.00967;0.4918;0.2259;0.047;0.333;0.1796;0.0846;0.7068;19;dominant second;0.153;0.39592;0.704;0.499;0.21069;0.032;-0.093;0.26181;0.726;0.432;16;collapse;-1.265;0.8316;0.154;0.429;0.5655;0.463;-0.474;1.1021;0.675;0.36;Freshwater;Lake;Heterotrophs;Pelagic;Fish;Total fish yield ;Biomass/Abundance;Nutrient stress;Mean spring phosphoroous;Thermal stress;Mean annual surface temperature;Nutrient|Thermal;0.8265;0.7927
5;18;antagonistic;0.4703;0.2831;0.1205;0.309;0.2791;0.2883;-0.4788;0.1827;0.0212;0.45;17;collapse;-0.69;0.3881;0.099;0.93;0.5585;0.12;0.446;0.6106;0.478;0.37;16;dominant;1.773;0.4698;0.003;-0.568;0.527;0.303;0.471;0.3959;0.257;0.612;Freshwater;Lake;Autotrophs;Pelagic;Phytoplankton;Phytoplankton biomass;Biomass/Abundance;Nutrient stress;Mean spring phosphoroous;Thermal stress;Mean annual surface temperature;Nutrient|Thermal;0.6208;0.6951
7;44;dominant;0.6228;0.1279;0;-0.0694;0.1541;0.655;0.01961;0.1391;0.889;0.4315;44;collapse;0.309;0.2638;0.249;-0.128;0.2519;0.615;0.107;0.2677;0.69;0.178;43;dominant;1.032;0.2199;0;0.104;0.2022;0.61;-0.302;0.2749;0.279;0.567;Freshwater;Lake;Autotrophs;Pelagic;Phytoplankton;Chlorophyll-a concentration;Biomass/Abundance;Nutrient stress;Mean summer total phosphorus concentration;Hydrological stress;High flow (consecutive days > hist 90 perc Apr-Nov);Nutrient|Hydrological;0.696;0.833
8;44;additive;0.5393;0.0902;0;-0.4867;0.0947;0;-0.0394;0.0949;0.68;0.659;44;dominant;0.487;0.1615;0.004;-0.228;0.22403;0.315;0.069;0.16395;0.675;0.271;43;additive;1.094;0.1545;0;-0.386;0.1625;0.022;0.157;0.1975;0.431;0.645;Freshwater;Lake;Autotrophs;Pelagic;Phytoplankton;Chlorophyll-a concentration;Biomass/Abundance;Thermal stress;Mean summer air temperature;Nutrient stress;Mean summer total phosphorus concentration;Nutrient|Thermal;0.987;0.948
9;44;synergistic;0.4916;0.0914;0;-0.4913;0.09595;0;0.21795;0.0961;0.0289;0.6262;44;dominant;0.837;0.20897;0;-0.344;0.28988;0.242;0.098;0.21215;0.646;0.365;43;synergistic;0.678;0.12443;0;-0.515;0.13078;0;0.401;0.15899;0.016;0.584;Freshwater;Lake;Autotrophs;Pelagic;Phytoplankton;Chlorophyll-a concentration consecutive days above 10.5 mg/m3;Biomass/Abundance;Thermal stress;Mean summer air temperature;Nutrient stress;Mean summer total phosphorus concentration;Nutrient|Thermal;0.987;0.948
10;44;synergistic;0.5528;0.1219;0;-0.0504;0.1469;0.7332;0.2903;0.1326;0.0344;0.4463;44;collapse;0.44417;0.34906;0.211;0.01646;0.33323;0.961;0.34618;0.3542;0.334;0.25284;43;dominant;0.7377;0.1913;0.000421;0.1369;0.1759;0.440946;-0.1207;0.2391;0.616588;0.4116767;Freshwater;Lake;Autotrophs;Pelagic;Phytoplankton;Chlorophyll-a concentration consecutive days above 10.5 mg/m3;Biomass/Abundance;Nutrient stress;Mean summer total phosphorus concentration;Hydrological stress;High flow (consecutive days > hist 90 perc Apr-Nov);Nutrient|Hydrological;0.696;0.833
12;47;antagonistic;-0.3997;0.1102;0.000754;-0.3109;0.1163;0.0106;0.3057;0.151;0.0492;0.4293;47;synergistic;0.036;0.19123;0.852;-0.043;0.17888;0.812;0.611;0.22676;0.01;0.432;46;additive;-0.952;0.1764;0;-0.453;0.1831;0.018;0.588;0.3345;0.086;0.482;Freshwater;Lake;Heterotrophs;Benthic;Benthic invertebrates;EQR of littoral macroinvertebrates;Biodiversity;Nutrient stress;Total Phosphorus;Hydrological stress;Water level drawdown;Nutrient|Hydrological;1;0.59227
13;59;dominant;0.6144;0.1282;0;-0.1919;0.1111;0.0893;-0.2252;0.1289;0.0859;0.3226;59;collapse;0.47363;0.2642;0.0786;-0.27526;0.142;0.0575;-0.24935;0.159;0.1224;0.094;59;dominant;0.39414;0.17656;0.0294;-0.23752;0.19611;0.2307;0.2278;0.21151;0.2859;0.0897;Freshwater;Lake;Heterotrophs;Pelagic;Fish;Planktivorous fish species biomass;Functional traits;Nutrient stress;Mean annual total phosphorus concentration;Thermal stress;Mean air temperature in July;Nutrient|Thermal;1;0.615
14;538;additive;0.4409;0.033;0;0.1658;0.0378;0;0.0345;0.0251;0.171;0.3798;562;synergistic;0.321;0.0601;0;0.181;0.04337;0;0.082;0.03878;0.0349;0.097;513;antagonistic;0.48;0.0488;0;0.173;0.04761;0;-0.092;0.03872;0.0175;0.251;Freshwater;Lake;Autotrophs;Pelagic;Phytoplankton;Chlorophyll-a concentration;Biomass/Abundance;Nutrient stress;Mean total phosphorus concentration in August;Thermal stress;Mean air temperature in August;Nutrient|Thermal;0.899;0.904
15;538;additive;0.3135;0.039;0;0.2455;0.0422;0;0.0383;0.0278;0.169;0.2574;562;synergistic;0.2189;0.06385;0.000652;0.30839;0.04485;0;0.09615;0.04076;0.018735;0.1431789;513;dominant;0.36211;0.06774;0;0.2285;0.06149;0.000286;-0.09653;0.05149;0.06187;0.10647;Freshwater;Lake;Autotrophs;Pelagic;Phytoplankton;Cyanobacteria biomass;Biomass/Abundance;Nutrient stress;Mean total phosphorus concentration in August;Thermal stress;Mean air temperature in August;Nutrient|Thermal;0.8988;0.904
16;533;synergistic;0.5979;0.0324;0;0.1817;0.036;0;0.1679;0.0276;0;0.5338;558;synergistic;0.367;0.05828;0;0.246;0.04159;0;0.111;0.03862;0.00437;0.158;508;additive;0.698;0.051074;0;0.157;0.047914;0.001;-0.073;0.037283;0.053;0.385;Freshwater;Lake;Autotrophs;Pelagic;Phytoplankton;Plankton Trophic Index;Biodiversity;Nutrient stress;Mean total phosphorus concentration in August;Thermal stress;Mean air temperature in August;Nutrient|Thermal;0.899;0.902
37;22;dominant;-0.7051;0.169;0.000395;-0.1729;0.1472;0.2529;-0.1308;0.1603;0.4234;0.5665;22;dominant;-0.488;0.20489;0.026;0.028;0.17991;0.876;0.196;0.19311;0.32;0.228;21;collapse;-0.439;0.43705;0.327;-0.415;0.39999;0.312;-0.04;0.38471;0.919;0.302;Freshwater;River;Heterotrophs;Benthic;Benthic invertebrates;Invertebrate richness;Biodiversity;Nutrient stress;Nitrogen (sum of NO2 and NO3) concentration;Morphological stress;Suspendable organic sediment;Nutrient|Morphological;1;0.97
38;22;dominant;-0.6982;0.1964;0.00177;-0.1002;0.1937;0.6101;0.1207;0.192;0.5361;0.6;22;additive;-1.102;0.4434;0.021;-0.731;0.2856;0.018;-0.597;0.457;0.205;0.624;21;collapse;-0.049;0.50617;0.924;-0.067;0.46288;0.887;0.02;0.51443;0.97;0.002;Freshwater;River;Heterotrophs;Benthic;Benthic invertebrates;Macroinvertebrate Community Index;Biodiversity;Nutrient stress;Total nitrogen concentration;Morphological stress;Suspendable organic sediment;Nutrient|Morphological;0.994;0.514
40;50;additive;-0.474;0.106;0;0.512;0.1239;0.00015;-0.1056;0.1519;0.4904;0.4273;51;additive;-0.439;0.19457;0.029;0.402;0.16114;0.016;-0.019;0.21393;0.929;0.285;49;additive;-0.512;0.15568;0.002;0.586;0.20978;0.008;-0.367;0.308;0.24;0.32;Freshwater;River;Heterotrophs;Benthic;Benthic invertebrates;Average score per Taxon (ASPT);Biodiversity;Nutrient stress;Mean annual total phosphorus concentration;Hydrological stress;Minimum annual river discharge;Nutrient|Hydrological;1;0.791
41;50;dominant second;-0.2045;0.139;0.148;-0.4365;0.1392;0.00298;-0.13698;0.14026;0.3339;0.3164;50;collapse;-0.3247;0.2711;0.237;-0.2808;0.1931;0.153;-0.2226;0.2517;0.381;0.0759;50;collapse;-0.4624;0.2674;0.0905;-0.2911;0.2239;0.2;0.019;0.345;0.9564;0.2094;Freshwater;River;Heterotrophs;Benthic;Benthic invertebrates;Average score per Taxon (ASPT);Biodiversity;Nutrient stress;Mean annual total phosphorus concentration;Thermal stress;Maximum annual water temperature;Nutrient|Thermal;1;0.667
42;62;additive;0.4918;0.1049;0;0.3626;0.1084;0.0014;-0.0675;0.1155;0.5608;0.4648;72;dominant;0.675;0.1501;0;0.221;0.14877;0.142;0.043;0.15598;0.784;0.274;52;additive;0.97;0.2821;0.001;0.773;0.2484;0.003;-0.433;0.2723;0.118;0.399;Freshwater;River;Heterotrophs;Benthic;Benthic invertebrates;Danish Invertebrate Index for Streams;Biodiversity;Morphological stress;River sinuosity;Hydrological stress;Low flow Q90 standardised;Morphological|Hydrological;0.917;1
43;50;additive;0.5354;0.1108;0;-0.2712;0.1089;0.0194;-0.1288;0.1296;0.3254;0.4742;61;additive;0.698;0.14;0;-0.356;0.1456;0.017;-0.249;0.1694;0.146;0.321;39;dominant;0.752;0.33493;0.031;-0.392;0.28114;0.172;0.03239;0.31767;0.919;0.432;Freshwater;River;Heterotrophs;Benthic;Benthic invertebrates;Danish Invertebrate Index for Streams;Biodiversity;Morphological stress;River sinuosity;Nutrient stress;Mean annual total phosphorus concentration;Nutrient|Morphological;1;0.798
44;50;dominant;-0.3797;0.1573;0.0196;0.0946;0.1411;0.5058;0.0359;0.1471;0.8083;0.183;51;dominant second;-0.511;0.34929;0.149;0.649;0.22321;0.005;0.415;0.28966;0.159;0.214;49;dominant;-0.466;0.16747;0.008;0.353;0.19992;0.084;-0.27;0.28765;0.353;0.19;Freshwater;River;Heterotrophs;Benthic;Benthic invertebrates;Danish Invertebrate Index for Streams;Biodiversity;Hydrological stress;Low flow Q90 standardised;Nutrient stress;Mean annual total phosphorus concentration;Nutrient|Hydrological;0.768;0.94
45;43;dominant;-0.43607;0.1618;0.01;-0.1879;0.1659;0.264;-0.0106;0.1845;0.954;0.305;43;dominant;-0.776;0.21519;0.001;-0.088;0.18164;0.632;-0.0264;0.25642;0.918;0.306;42;collapse;-0.4428;0.3987;0.295;-0.349;0.34448;0.317;0.22;0.37145;0.556;0.053;Freshwater;River;Heterotrophs;Benthic;Benthic invertebrates;Average score per Taxon (ASPT);Biodiversity;Nutrient stress;Mean annual nitrate concentration;Hydrological stress;Mean annual river discharge;Nutrient|Hydrological;0.825;1
46;43;dominant;-0.5299;0.1485;0.0009;0.0497;0.1433;0.7305;-0.002;0.1509;0.9888;0.2775;43;dominant;-0.837;0.20332;0;-0.074;0.19073;0.6998;-0.141;0.1736;0.42;0.313;42;collapse;-0.252;0.40139;0.534;0.041;0.45798;0.929;0.078;0.54195;0.886;0.0179;Freshwater;River;Heterotrophs;Benthic;Benthic invertebrates;Average score per Taxon (ASPT);Biodiversity;Nutrient stress;Mean annual nitrate concentration;Thermal stress;Mean annual water temperature;Nutrient|Thermal;1;0.792
48;43;dominant;-0.3556;0.1453;0.0188;0.06;0.1555;0.7005;0.24313;0.1618;0.1408;0.1618;43;dominant;-0.708;0.2011;0.001;0.209;0.1704;0.226;0.299;0.2379;0.216;0.247;42;collapse;0.391;0.37544;0.304;0.322;0.36166;0.378;0.069;0.34842;0.844;0.081;Freshwater;River;Heterotrophs;Benthic;Benthic invertebrates;Number of Ephemeroptera, Plecoptera, Trichoptera taxa (EPT);Biodiversity;Nutrient stress;Mean annual nitrate concentration;Hydrological stress;Mean annual river discharge;Nutrient|Hydrological;0.825;1
49;43;synergistic;-0.3058;0.1238;0.0179;0.1286;0.1219;0.2979;0.3259;0.1254;0.013;0.2009;43;dominant;-0.643;0.1912;0.002;-0.28;0.19677;0.164;-0.064;0.16987;0.709;0.251;42;collapse;0.28;0.3548;0.435;0.358;0.40055;0.377;-0.055;0.47167;0.908;0.037;Freshwater;River;Heterotrophs;Benthic;Benthic invertebrates;Number of Ephemeroptera, Plecoptera, Trichoptera taxa (EPT);Biodiversity;Nutrient stress;Mean annual nitrate concentration;Thermal stress;Mean annual water temperature;Nutrient|Thermal;1;0.792
51;18;dominant;-0.5285;0.1773;0.008;-0.1274;0.1688;0.46;-0.2558;0.2426;0.306;0.4091;19;synergistic;-0.215;0.2173;0.335;-0.315;0.2139;0.158;-0.811;0.3394;0.027;0.299;17;dominant;-0.946;0.2844;0.004;0.234;0.3283;0.486;-0.391;0.4189;0.364;0.628;Freshwater;River;Heterotrophs;Benthic;Benthic invertebrates;Abundance of Ephemeroptera, Plecoptera, Trichoptera (EPT);Biodiversity;Nutrient stress;Dissolved reactive phosphorous concentration;Morphological stress;Suspendable organic sediment;Nutrient|Morphological;0.827;0.858
52;18;synergistic;-0.3207;0.2296;0.181;0.061;0.298;0.841;0.6617;0.3053;0.048;0.2885;18;additive;-1.015;0.2727;0.002;-0.63;0.2416;0.02;-0.249;0.279;0.386;0.589;18;collapse;-0.271;0.3913;0.497;-0.57;0.52624;0.293;0.759;0.68291;0.281;0.082;Freshwater;River;Heterotrophs;Benthic;Benthic invertebrates;Invertebrate diversity (Shannon);Biodiversity;Nutrient stress;Nitrogen (sum of NO2 and NO3) concentration;Morphological stress;Suspendable organic sediment;Nutrient|Morphological;1;0.659
53;18;dominant;-0.7466;0.1526;0.0001;-0.245;0.1337;0.0869;0.1898;0.2053;0.3686;0.5765;19;collapse;-0.411;0.199879;0.054;-0.395;0.196694;0.059;-0.085;0.312099;0.788;0.352;17;dominant;-0.883;0.31316;0.012;0.094;0.3661;0.799;-0.442;0.44001;0.329;0.6;Freshwater;River;Heterotrophs;Benthic;Benthic invertebrates;Invertebrate richness;Biodiversity;Nutrient stress;Dissolved reactive phosphorous concentration;Morphological stress;Suspendable organic sediment;Nutrient|Morphological;0.827;0.858
55;18;dominant;-0.6792;0.1578;0.0005;-0.201;0.1404;0.1728;0.1564;0.2131;0.473;0.5388;19;collapse;-0.316;0.2099;0.148;-0.239;0.20656;0.261;-0.097;0.32775;0.77;0.174;17;dominant;-0.994;0.3206;0.006;0.134;0.3748;0.726;-0.321;0.4504;0.486;0.592;Freshwater;River;Heterotrophs;Benthic;Benthic invertebrates;Richness of Ephemeroptera, Plecoptera, Trichoptera taxa (EPT);Biodiversity;Nutrient stress;Dissolved reactive phosphorous concentration;Morphological stress;Suspendable organic sediment;Nutrient|Morphological;0.827;0.858
56;111;additive;-0.4549;0.0851;0;-0.2195;0.0957;0.0238;0.0008;0.0869;0.9923;0.2479;111;dominant;-0.5222;0.1325;0.00014;-0.0621;0.1544;0.6884;0.1192;0.1249;0.3421;0.206;111;additive;-0.8099;0.1527;0;-0.451;0.1361;0.001;0.22;0.131;0.096;0.27;Freshwater;River;Heterotrophs;Benthic;Benthic invertebrates;German Invertebrate Asssessment Index;Biodiversity;Morphological stress;Mean annual total nitrogen concentration;Nutrient stress;Degradation of the bed structure;Nutrient|Morphological;0.779;1
57;24;dominant second;0.1018;0.2664;0.7057;0.5989;0.2665;0.0347;-0.0607;0.1938;0.7574;0.3609;24;collapse;-0.406;0.3342;0.2363;0.4987;0.262;0.069;-0.0984;0.3245;0.7643;0.3211;24;antagonistic;1.3;0.438;0.0067;0.4174;0.2593;0.1205;-0.761;0.2947;0.0164;0.3062;Freshwater;River;Heterotrophs;Benthic;Benthic invertebrates;Invertebrate abundance;Biomass/Abundance;Nutrient stress;Dissolved reactive phosphorous concentration;Morphological stress;Fine sediment streambed coverage (< 2mm);Nutrient|Morphological;0.8479;1
61;24;dominant;-0.5861;0.1743;0.0026;-0.238;0.1723;0.1808;-0.1617;0.1249;0.2093;0.6524;24;collapse;-0.011;0.30678;0.972;-0.278;0.24045;0.26;0.034;0.29787;0.909;0.149;24;dominant;-0.941;0.36549;0.017;-0.101;0.21635;0.6453;0.222;0.24592;0.375;0.33;Freshwater;River;Heterotrophs;Benthic;Benthic invertebrates;Macroinvertebrate Community Index;Biodiversity;Nutrient stress;Ammonium concentration;Morphological stress;Fine sediment streambed coverage (< 2mm);Nutrient|Morphological;0.848;1
63;24;dominant;-0.7323;0.1439;0;-0.0939;0.138;0.503;-0.1646;0.09923;0.111;0.6934;24;dominant second;-0.209;0.1677;0.224;-0.42;0.1314;0.004;-0.224;0.1628;0.182;0.382;24;dominant;-1.461;0.4199;0.002;-0.212;0.2435;0.394;0.426;0.2797;0.141;0.451;Freshwater;River;Heterotrophs;Benthic;Benthic invertebrates;Richness of Ephemeroptera, Plecoptera, Trichoptera taxa (EPT);Biodiversity;Nutrient stress;Ammonium concentration;Morphological stress;Fine sediment streambed coverage (< 2mm);Nutrient|Morphological;0.848;1
73;31;dominant second;-0.262;0.1605;0.1141;0.365;0.1509;0.0227;-0.2028;0.2169;0.357;0.4133;31;synergistic;-0.8105;0.2785;0.0066;0.9954;0.26;0.0006;0.8334;0.3047;0.0102;0.4063;30;dominant;-0.721;0.262;0.01;0.0352;0.3063;0.9094;0.3258;0.3714;0.3874;0.2944;Freshwater;River;Heterotrophs;Pelagic;Fish;Danish Fish Index for Streams;Biodiversity;Hydrological stress;Low flow Q90 standardised;Physico-chemical stress;Maximum annual biological oxygen demand;Chemical|Hydrological;0.8461;0.9478
74;39;dominant;-0.48595;0.13017;0.0006;-0.0783;0.1215;0.5234;0.0431;0.1309;0.7436;0.28;39;synergistic;-0.322;0.1911;0.1;0.646;0.2529;0.015;0.609;0.2115;0.006;0.247;38;dominant;-0.562;0.23559;0.023;-0.126;0.20506;0.543;-0.09;0.24148;0.712;0.201;Freshwater;River;Autotrophs;Benthic;Benthic flora;Danish Macrophyte Index for Streams;Biodiversity;Hydrological stress;High flow pulse duration;Thermal stress;Mean annual water temperature;Thermal|Hydrological;0.537;1
75;88;dominant;0.442;0.1118;0.0002;0.0494;0.1167;0.6738;0.1891;0.1032;0.07;0.2157;88;dominant;0.363;0.15125;0.019;0.225;0.14273;0.119;0.217;0.1297;0.098;0.092;88;synergistic;0.332;0.20008;0.102;-0.337;0.19051;0.08;0.499;0.20803;0.019;0.101;Freshwater;River;Autotrophs;Pelagic;Phytoplankton;Chlorophyll-a concentration;Biomass/Abundance;Nutrient stress;Mean total phosphorus concentration over growing season;Thermal stress;Mean water temperature over growing season;Nutrient|Thermal;0.844;0.948
79;62;additive;0.4644;0.113;0.0011;0.3427;0.1335;0.0137;0.04698;0.0555;0.4017;0.444;62;dominant;0.411;0.184296;0.036;0.174;0.1153883;0.138;-0.036;0.0909156;0.694;0.281;61;additive;0.456;0.14516;0.005;0.519;0.18672;0.007;-0.014;0.15806;0.931;0.233;Freshwater;River;Autotrophs;Pelagic;Phytoplankton;Chlorophyll-a concentration;Biomass/Abundance;Nutrient stress;Mean total phosphorus concentration over growing season;Thermal stress;Number of water degree days above 9°C;Nutrient|Thermal;0.94;0.855
80;61;dominant;0.4641;0.11;0.0005;0.0662;0.0889;0.4594;-0.0415;0.0796;0.6042;0.2811;61;dominant;0.521;0.12396;0;0.21;0.10972;0.06;0.137;0.09911;0.173;0.177;60;dominant;0.481;0.14116;0.003;0.066;0.12785;0.607;-0.217;0.10899;0.054;0.11;Freshwater;River;Autotrophs;Pelagic;Phytoplankton;Chlorophyll-a concentration;Biomass/Abundance;Hydrological stress;Number of high flow pulses;Thermal stress;Number of water degree days above 9°C;Thermal|Hydrological;1;0.671
82;61;dominant;0.4227;0.0966;0.0028;0.1143;0.0616;0.0764;0.0942;0.0473;0.0529;0.2911;61;dominant;0.67;0.15529;0;0.064;0.10275;0.538;0.115;0.08784;0.196;0.221;60;synergistic;0.384;0.13432;0.011;-0.086;0.12119;0.487;0.264;0.1284;0.046;0.127;Freshwater;River;Autotrophs;Pelagic;Phytoplankton;Chlorophyll-a concentration;Biomass/Abundance;Hydrological stress;Number of low flow pulses;Thermal stress;Number of water degree days above 9°C;Thermal|Hydrological;1;0.945
83;61;synergistic;0.4772;0.1006;0.0009;0.1615;0.0664;0.0219;0.1338;0.054;0.017;0.3554;61;dominant;0.662;0.14927;0;0.12;0.09168;0.198;0.139;0.07797;0.082;0.232;60;dominant;0.38;0.1424;0.018;0.111;0.1296;0.399;0.143;0.133;0.289;0.119;Freshwater;River;Autotrophs;Pelagic;Phytoplankton;Chlorophyll-a concentration;Biomass/Abundance;Hydrological stress;Low flow pulse duration;Thermal stress;Number of water degree days above 9°C;Thermal|Hydrological;1;0.773
84;22;synergistic;-0.3317;0.1962;0.1051;0.0351;0.1999;0.8622;-0.3022;0.1416;0.0442;0.2624;23;collapse;-0.283;0.48284;0.563;-0.687;0.35025;0.062;-0.629;0.31912;0.061;0.178;20;synergistic;-0.41;0.4115;0.331;0.441;0.3956;0.278;-0.794;0.3648;0.044;0.405;Freshwater;River;Heterotrophs;Benthic;Benthic invertebrates;Invertebrate diversity (Shannon);Biomass/Abundance;Nutrient stress;Dissolved inorganic nitrogen concentration;Morphological stress;Fine sediment streambed coverage (< 2mm);Nutrient|Morphological;0.971;0.945
85;22;synergistic;-0.3326;0.2052;0.1193;0.0839;0.20896;0.692;-0.3634;0.148;0.0224;0.2911;23;synergistic;-0.445;0.46878;0.352;-0.736;0.34005;0.041;-0.815;0.30982;0.015;0.263;20;synergistic;-0.555;0.379;0.159;0.432;0.3643;0.25;-0.776;0.336;0.032;0.475;Freshwater;River;Heterotrophs;Benthic;Benthic invertebrates;Invertebrate evenness (Pielou);Biodiversity;Nutrient stress;Dissolved inorganic nitrogen concentration;Morphological stress;Fine sediment streambed coverage (< 2mm);Nutrient|Morphological;0.971;0.945
86;22;dominant;-0.8803;0.1808;0;-0.0016;0.1751;0.993;0.0239;0.1478;0.873;0.5866;22;dominant;-0.882;0.1748;0;0.108;0.1997;0.594;0.115;0.173;0.514;0.569;21;collapse;-0.454;0.3792;0.245;0.347;0.4842;0.484;-0.405;0.4911;0.421;0.131;Freshwater;River;Heterotrophs;Benthic;Benthic invertebrates;Macroinvertebrate Community Index;Biodiversity;Nutrient stress;Total nitrogen concentration;Morphological stress;Fine sediment streambed coverage (< 2mm);Nutrient|Morphological;0.924;0.698
87;22;additive;-0.575;0.1674;0.0024;-0.4073;0.1621;0.0198;-0.1106;0.1369;0.4279;0.59796;22;dominant;-0.586;0.222861;0.015;-0.005;0.254552;0.984;0.23;0.220585;0.309;0.344;21;collapse;-0.49;0.37015;0.201;0.442;0.46441;0.355;-0.76;0.47223;0.126;0.277;Freshwater;River;Heterotrophs;Benthic;Benthic invertebrates;Proportion of Ephemeroptera, Plecoptera, Trichoptera (EPT);Biodiversity;Nutrient stress;Total nitrogen concentration;Morphological stress;Fine sediment streambed coverage (< 2mm);Nutrient|Morphological;0.924;0.698
88;22;dominant;-0.6569;0.1995;0.0033;-0.0006;0.1932;0.9974;0.0161;0.1631;0.9225;0.3937;22;collapse;-0.409;0.2581;0.128;0.429;0.2948;0.159;0.451;0.2555;0.091;0.24;21;collapse;-0.386;0.39017;0.334;0.349;0.50693;0.499;-0.51018;0.51318;0.331;0.143;Freshwater;River;Heterotrophs;Benthic;Benthic invertebrates;Richness of Ephemeroptera, Plecoptera, Trichoptera taxa (EPT);Biodiversity;Nutrient stress;Total nitrogen concentration;Morphological stress;Fine sediment streambed coverage (< 2mm);Nutrient|Morphological;0.924;0.698
89;181;additive;0.3417;0.0626;0;0.2981;0.0633;0;-0.0951;0.068;0.164;0.2367;181;additive;0.506;0.09202;0;0.445;0.09524;0;0.033;0.09194;0.718;0.23;180;additive;0.377;0.1597;0.019;0.299;0.1329;0.025;-0.155;0.1833;0.4;0.091;Freshwater;River;Heterotrophs;Benthic;Benthic invertebrates;German Saprobic Index;Biodiversity;Morphological stress;Transverse bars;Toxic stress;Modelled multi-substance Potentially Affected Fraction (msPAF NOEC);Morphological|Toxic;1;0.889
91;227;additive;-0.2716;0.062;0;-0.3002;0.0616;0;0.0056;0.056;0.92;0.2182;232;additive;-0.3094;0.098;0.0018;-0.2324;0.0937;0.0139;-0.0592;0.0859;0.4916;0.0827;222;dominant;-0.2861;0.0901;0.0018;-0.1933;0.109;0.0774;-0.122;0.0963;0.2068;0.1508;Freshwater;River;Heterotrophs;Benthic;Benthic invertebrates;Irish invertebrate index of eutrophication;Biodiversity;Nutrient stress;Ortho-phosphate concentration 95 %ile ;Hydrological stress;Hydromorphological assessment score (RHAT, inversed);Nutrient|Hydrological;0.93;0.918
93;375;additive;-0.3556;0.05146;0;-0.1747;0.0514;0.000758;0.03447;0.04393;0.4331;0.2176;501;antagonistic;-0.104;0.04717;0.027;-0.106;0.05613;0.06;0.113;0.04692;0.016;0.088;248;collapse;-0.698;0.3855;0.072;0.362;0.3793;0.341;-0.372;0.4062;0.36;0.031;Freshwater;River;Heterotrophs;Benthic;Benthic invertebrates;Number of Ephemeroptera, Plecoptera, Trichoptera, Coleptera, Bivalvia, Odonata taxa (EPTCBO);Biodiversity;Nutrient stress;Mean annual nitrate concentration;Morphological stress;Degree of channelization (4 classes);Nutrient|Morphological;0.7956;0.84455
94;63;synergistic;0.3471;0.126;0.0077;-0.3284;0.1422;0.0242;-0.2055;0.1021;0.0485;0.1721;67;dominant;0.611;0.2352;0.012;-0.257;0.1459;0.083;-0.117;0.1471;0.43;0.20957;58;collapse;0.269;0.2568;0.2995;-0.351;0.1824;0.059;-0.372;0.3177;0.246;0.211;Freshwater;River;Heterotrophs;Benthic;Benthic invertebrates;Share of invertebrates with reproduction cycle: more than one per year;Functional traits;Nutrient stress;Mean annual orthophosphate concentration;Morphological stress;Amount of fine sediment (< 2mm);Nutrient|Morphological;1;1
95;63;dominant;-0.3927;0.1139;0.0011;-0.0927;0.1281;0.47197;0.0516;0.092;0.5768;0.2507;67;additive;-0.715;0.2049;0.001;-0.403;0.1271;0.002;-0.154;0.1281;0.234;0.2998;58;dominant;-0.65;0.26679;0.018;-0.153;0.19094;0.425;0.445;0.33345;0.187;0.101;Freshwater;River;Heterotrophs;Benthic;Benthic invertebrates;Share of invertebrates with reproduction cycle: one per year;Functional traits;Nutrient stress;Mean annual orthophosphate concentration;Morphological stress;Amount of fine sediment (< 2mm);Nutrient|Morphological;1;1
96;63;dominant;0.3939;0.1073;0.0005;-0.009;0.1177;0.9394;-0.1222;0.0846;0.1538;0.2544;67;collapse;0.435;0.22454;0.057;0.277;0.13931;0.051;-0.048;0.1404;0.732;0.233;58;dominant;0.761;0.23085;0.00168;-0.1074;0.16464;0.51679;-0.31191;0.28718;0.28198;0.199;Freshwater;River;Heterotrophs;Benthic;Benthic invertebrates;Share of invertebrates with reproduction: asexual;Functional traits;Nutrient stress;Mean annual orthophosphate concentration;Morphological stress;Amount of fine sediment (< 2mm);Nutrient|Morphological;1;1
97;25;synergistic;0.0503;0.2237;0.824;-0.3699;0.2004;0.0768;-0.5527;0.1884;0.0071;0.4002;25;dominant second;-0.5116;0.3454;0.1517;-0.5629;0.2093;0.0134;-0.3292;0.245;0.1927;0.2848;24;collapse;-1.6429;0.8898;0.0772;-1.1962;0.8387;0.1667;0.444;0.9759;0.6533;0.5342;Freshwater;River;Heterotrophs;Benthic;Benthic invertebrates;SPEcies-At-Risk Index (pesticides);Functional traits;Nutrient stress;Nitrogen species (sum of NH4, NO2, NO3) concentration;Toxic stress;Toxic Units (TU);Nutrient|Toxic;0.92;1
98;31;synergistic;-0.0405;0.136;0.768;-0.6579;0.1567;0.0002;-0.6626;0.2249;0.006;0.52;31;collapse;-0.162;0.2369;0.5;-0.393;0.3262;0.238;-0.184;0.4275;0.67;0.105;31;dominant second;-0.39;0.21698;0.082;-0.38;0.17256;0.035;0.021;0.32731;0.949;0.308;Freshwater;River;Heterotrophs;Benthic;Benthic invertebrates;Functional-Group-Index;Functional traits;Toxic stress;Modelled multi-substance Potentially Affected Fraction (msPAF);Nutrient stress;Mean annual total nitrogen concentration;Nutrient|Toxic;0.726;1
99;31;antagonistic;-0.6486;0.1814;0.0012;-0.0841;0.1353;0.5387;0.5627;0.1641;0.0017;0.3716;31;antagonistic;-0.899;0.42775;0.044;-0.078;0.20359;0.704;0.644;0.27511;0.026;0.319;31;collapse;-0.403;0.238;0.101;-0.106;0.1644;0.524;0.215;0.3808;0.577;0.121;Freshwater;River;Heterotrophs;Benthic;Benthic invertebrates;Number of invertebrate families;Biodiversity;Toxic stress;Modelled multi-substance Potentially Affected Fraction (msPAF);Nutrient stress;Mean annual nitrate-N concentration;Nutrient|Toxic;0.77;1
100;31;antagonistic;0.6941;0.18;0.0005;0.2188;0.1342;0.1132;-0.3867;0.1628;0.0239;0.4197;31;collapse;0.028;0.43271;0.948;-0.073;0.20836;0.729;-0.324;0.27748;0.253;0.153;31;additive;0.718;0.17257;0;0.244;0.11918;0.049;0.079;0.2761;0.778;0.602;Freshwater;River;Heterotrophs;Benthic;Benthic invertebrates;Romanian Saprobic Index;Biodiversity;Toxic stress;Modelled multi-substance Potentially Affected Fraction (msPAF);Nutrient stress;Mean annual nitrate-N concentration;Nutrient|Toxic;0.77;1
101;14;dominant;-0.4488;0.1395;0.00619;-0.2669;0.132;0.0627;-0.1282;0.2924;0.6678;0.6296;14;dominant;-0.818;0.3508;0.036;-0.25;0.384;0.527;-0.9999;0.636;0.139;0.276;14;additive;-0.524;0.1855;0.014;-0.374;0.1536;0.029;0.307;0.2094;0.165;0.568;Freshwater;River;Heterotrophs;Benthic;Benthic invertebrates;Abundance of Ephemeroptera, Plecoptera, Trichoptera (EPT);Biodiversity;Nutrient stress;Ammonium concentration;Morphological stress;Suspendable organic sediment;Nutrient|Morphological;0.46;1
102;14;dominant;0.3455;0.2416;0.1747;-0.2477;0.2584;0.3542;0.62199;0.2866;0.0477;0.4619;14;collapse;-0.291;0.3669;0.442;0.431;0.3592;0.25;0.66;0.4769;0.188;0.171;14;synergistic;0.426;0.2028;0.055;-0.431;0.1882;0.038;0.595;0.2552;0.035;0.395;Freshwater;River;Heterotrophs;Benthic;Benthic invertebrates;Invertebrate abundance;Biomass/Abundance;Nutrient stress;Total phosphorous concentration;Morphological stress;Suspendable organic sediment;Nutrient|Morphological;0.655;0.852
104;14;synergistic;-0.7364;0.1658;0.0006;0.1512;0.1569;0.3517;-0.9099;0.3477;0.0203;0.6047;14;collapse;0.031;0.4203;0.943;0.278;0.4625;0.558;0.181;0.7623;0.816;0.033;14;collapse;-0.65;0.34028;0.077;-0.058;0.28175;0.84;0.169;0.38409;0.667;0.246;Freshwater;River;Heterotrophs;Benthic;Benthic invertebrates;Invertebrate richness;Biodiversity;Nutrient stress;Ammonium concentration;Morphological stress;Suspendable organic sediment;Nutrient|Morphological;0.46;1
105;14;synergistic;-0.5361;0.1627;0.0053;-0.0054;0.154;0.9727;-0.81275;0.3412;0.03195;0.488;14;collapse;0.299;0.34773;0.405;-0.246;0.38256;0.53;-0.041;0.63058;0.949;0.142;14;dominant;-0.602;0.2801326;0.049;-0.149;0.2319477;0.53;-0.001;0.3161972;0.998;0.317;Freshwater;River;Heterotrophs;Benthic;Benthic invertebrates;Macroinvertebrate Community Index;Biodiversity;Nutrient stress;Ammonium concentration;Morphological stress;Suspendable organic sediment;Nutrient|Morphological;0.46;1
106;14;synergistic;-0.6395;0.1352;0.0003;-0.0196;0.1279;0.8807;-0.6798;0.2834;0.0309;0.6569;14;collapse;-0.049;0.30364;0.874;0.197;0.33405;0.566;0.126;0.55062;0.823;0.042;14;dominant;-0.67;0.2597;0.022;-0.194;0.215;0.382;0.116;0.2931;0.699;0.4;Freshwater;River;Heterotrophs;Benthic;Benthic invertebrates;Richness of Ephemeroptera, Plecoptera, Trichoptera taxa (EPT);Biodiversity;Nutrient stress;Ammonium concentration;Morphological stress;Suspendable organic sediment;Nutrient|Morphological;0.46;1
107;50;synergistic;-0.5403;0.1328;0.000183;-0.5865;0.14034;0.000129;-0.27193;0.12941;0.0411;0.5517;50;collapse;-0.4059;0.2357;0.0918;-0.2132;0.1888;0.2648;-0.0634;0.2099;0.7641;0.1712;50;additive;-0.7212;0.3088;0.0239;-0.6816;0.331;0.0452;0.0312;0.3946;0.9374;0.433;Freshwater;River;Heterotrophs;Benthic;Benthic invertebrates;SPEcies-At-Risk Index (habitat);Functional traits;Nutrient stress;Mean annual total nitrogen concentration;Morphological stress;Instream habitat degradation score;Nutrient|Morphological;1;0.601
108;50;dominant;-0.5402;0.1401;0.00036;-0.1379;0.1365;0.3178;-0.07;0.1815;0.7002;0.311;58;collapse;-0.305;0.16388;0.069;-0.092;0.13302;0.492;0.104;0.21119;0.624;0.091;42;synergistic;-0.757;0.2833;0.011;0.58;0.3668;0.122;-0.871;0.4153;0.043;0.269;Freshwater;River;Heterotrophs;Benthic;Benthic invertebrates;SPEcies-At-Risk Index (pesticides);Functional traits;Nutrient stress;Mean annual total nitrogen concentration;Toxic stress;Run-off potential (proxy for dissolved amount of generic pesticides);Nutrient|Toxic;1;0.757
110;29;dominant;0.3195;0.1433;0.0336;0.3013;0.1606;0.0707;0.3167;0.1939;0.1131;0.2593;29;synergistic;0.319;0.2219;0.161;0.703;0.1722;0;0.584;0.2067;0.0085;0.375;29;collapse;-0.309;0.49;0.534;-0.546;0.4763;0.261;-0.314;0.478;0.517;0.095;Freshwater;River;Heterotrophs;Pelagic;Fish;Share of fish species with salinity preference 'freshwater to brackish';Functional traits;Nutrient stress;Mean annual total phosphorus concentration;Toxic stress;Modelled multi-substance Potentially Affected Fraction (msPAF NOEC);Nutrient|Toxic;1;0.847
111;325;antagonistic;-0.4346;0.0613;0;-0.207;0.0604;0.0007;0.3478;0.062;0;0.3792;362;collapse;NA;NA;NA;-0.213;0.09545;0.037;NA;NA;NA;0.047;287;collapse;-0.455;1.61296;0.779;2.422;1.66449;0.151;-2.143;1.54305;0.17;0.044;Freshwater;River;Heterotrophs;Pelagic;Fish;Multimetric Index for Intercalibration;Biodiversity;Nutrient stress;Mean annual nitrate concentration;Morphological stress;Degree of channelization (4 classes);Nutrient|Morphological;0.972;0.909
112;1058;additive;-0.4096;0.0262;0;-0.2862;0.0257;0;0.009;0.0253;0.721;0.3024;1058;synergistic;-0.682;0.041;0;-0.422;0.04153;0;-0.133;0.03869;0.001;0.3;1057;antagonistic;-0.315;0.05214;0;-0.384;0.04926;0;0.127;0.05677;0.025;0.136;Freshwater;River;Autotrophs;Benthic;Benthic flora;British Macrophyte Assessment Index;Biodiversity;Nutrient stress;Mean total oxidised nitrogen concentration over growing season;Morphological stress;Degree of riparian shading;Nutrient|Morphological;1;1
113;1029;antagonistic;-0.3102;0.0307;0;-0.2006;0.02995;0;0.13205;0.0261;0;0.2646;1029;additive;-0.498;0.05927;0;-0.251;0.04525;0;0.044;0.04475;0.33;0.28;1028;collapse;-0.324;0.05763;0;-0.082;0.06593;0.216;-0.014;0.06318;0.824;0.046;Freshwater;River;Autotrophs;Benthic;Benthic flora;British Macrophyte Assessment Index;Biodiversity;Nutrient stress;Mean total oxidised nitrogen concentration over growing season;Morphological stress;Fine sediment deposition risk;Nutrient|Morphological;0.826;1
114;950;antagonistic;-0.36595;0.02991;0;-0.2232;0.0302;0;0.1459;0.03054;0;0.2777;950;additive;-0.332;0.04767;0;-0.286;0.04683;0;0.032;0.04412;0.462;0.18;950;additive;-0.37;0.05506;0;-0.162;0.06188;0.009;0.076;0.06791;0.264;0.062;Freshwater;River;Autotrophs;Benthic;Benthic flora;British Macrophyte Assessment Index;Biodiversity;Nutrient stress;Standardized mean annual soluble reactive phosphorus concentration;Morphological stress;Fine sediment deposition risk;Nutrient|Morphological;0.915;0.89
115;263;additive;-0.4551;0.0558;0;-0.1936;0.0559;0.00062;0.078;0.051;0.1273;0.3093;263;additive;-0.575;0.096084;0;-0.233;0.092596;0.012;0.008;0.084651;0.927;0.225;263;collapse;-0.196;0.109562;0.075;-0.118;0.094798;0.215;0.01;0.109444;0.928;0.031;Freshwater;River;Autotrophs;Benthic;Benthic flora;British Macrophyte Assessment Index;Biodiversity;Nutrient stress;Mean total oxidised nitrogen concentration over growing season;Morphological stress;Total River Habitat Modification Score;Nutrient|Morphological;1;1
116;245;additive;-0.2806;0.06;0;-0.2166;0.0616;0.0005;0.055;0.0512;0.2829;0.1729;245;dominant second;-0.179;0.1094;0.102;-0.493;0.09924;0;-0.168;0.08548;0.05;0.146;245;additive;-0.257;0.10083;0.012;-0.261;0.10538;0.014;0.141;0.10696;0.19;0.056;Freshwater;River;Autotrophs;Benthic;Benthic flora;British Macrophyte Assessment Index;Biodiversity;Nutrient stress;Standardized mean annual soluble reactive phosphorus concentration;Morphological stress;Total River Habitat Modification Score;Nutrient|Morphological;0.885;1
117;233;dominant;0.5032;0.0695;0;0.0853;0.0672;0.206;-0.0711;0.0585;0.226;0.3328;233;additive;0.629;0.12649;0;0.347;0.09228;0;0.158;0.09836;0.12;0.296;233;dominant;0.307;0.1513;0.044;-0.147;0.149;0.324;0.216;0.1587;0.176;0.053;Freshwater;River;Autotrophs;Benthic;Benthic flora;Cladophora ground cover;Biomass/Abundance;Nutrient stress;Median ortho-phosphate concentration;Physico-chemical stress;Acidification (pH treatment);Nutrient|Chemical;0.886;1
118;233;additive;0.5736;0.0587;0;0.1474;0.0559;0.00896;0.0604;0.0581;0.2992;0.3398;233;synergistic;0.662;0.09288;0;0.326;0.08226;0;0.196;0.07573;0.01;0.273;233;dominant;0.482;0.13799;0.001;0.235;0.12494;0.062;-0.054;0.13489;0.688;0.09;Freshwater;River;Autotrophs;Benthic;Benthic flora;Cladophora ground cover;Biomass/Abundance;Thermal stress;Median summer temperature;Physico-chemical stress;Acidification (pH treatment);Thermal|Chemical;0.688;1
119;244;additive;0.42827;0.05931;0;0.2066;0.0577;0.0004;0.0231;0.06316;0.71447;0.2233;244;synergistic;0.345;0.09822;0.001;0.404;0.08924;0;0.24;0.08523;0.005;0.137;244;collapse;0.2;0.108;0.066;0.179;0.1003;0.075;-0.043;0.1232;0.729;0.047;Freshwater;River;Autotrophs;Benthic;Benthic flora;Diatom diversity (Shannon index);Biodiversity;Nutrient stress;Mean ortho-phosphate concentration;Thermal stress;Summer temperature 5 %ile;Nutrient|Thermal;0.941;0.776
120;243;synergistic;-0.4803;0.0577;0;-0.2812;0.0635;0;-0.2138;0.0508;0;0.4138;243;synergistic;-0.345;0.10171;0.001;-0.33;0.06906;0;-0.201;0.07648;0.009;0.174;243;additive;-0.477;0.126097;0;-0.519;0.107589;0;0.008;0.135967;0.955;0.324;Freshwater;River;Autotrophs;Benthic;Benthic flora;Irish Diatom Index ;Biodiversity;Nutrient stress;Ortho-phosphate concentration 95 %ile ;Physico-chemical stress;Alkalinity 5 %ile (as CaCO3);Nutrient|Chemical;0.999;0.779
121;70;dominant;0.5049;0.09799;0;0.0866;0.1003;0.391;0.1021;0.0887;0.254;0.3332;70;additive;0.408;0.1278;0.003;0.321;0.1355;0.024;0.202;0.1131;0.088;0.171;69;collapse;0.174;0.3028;0.567;-0.135;0.3695;0.717;0.134;0.4192;0.75;0.008;Freshwater;River;Autotrophs;Benthic;Benthic flora;Organic pollution tolerant diatoms;Functional traits;Nutrient stress;Median ortho-phosphate concentration;Hydrological stress;Hydromorphological assessment score (RHAT, inversed);Nutrient|Hydrological;1;0.55
122;905;antagonistic;-0.456;0.0308;0;-0.2326;0.0315;0;0.1313;0.0248;0;0.4439;905;synergistic;-0.791;0.05188;0;-0.44;0.04771;0;-0.145;0.04465;0.001;0.44;904;collapse;-0.099;0.06294;0.118;-0.16;0.05886;0.007;-0.026;0.06099;0.667;0.046;Freshwater;River;Autotrophs;Benthic;Benthic flora;Benthic Diatom Assessment Index;Biodiversity;Nutrient stress;Mean total oxidised nitrogen concentration over growing season;Morphological stress;Fine sediment deposition risk;Nutrient|Morphological;0.661;1
123;852;antagonistic;-0.4404;0.0287;0;-0.3194;0.0286;0;0.1153;0.02857;0;0.4461;852;synergistic;-0.447;0.04677;0;-0.532;0.05325;0;-0.154;0.05582;0.006;0.282;852;antagonistic;-0.301;0.05308;0;-0.346;0.05104;0;0.201;0.05688;0;0.109;Freshwater;River;Autotrophs;Benthic;Benthic flora;Benthic Diatom Assessment Index;Biodiversity;Nutrient stress;Standardized mean annual soluble reactive phosphorus concentration;Morphological stress;Fine sediment deposition risk;Nutrient|Morphological;0.771;0.814
124;404;dominant;-0.657;0.0415;0;-0.0304;0.0415;0.464;0.0177;0.0401;0.659;0.421;404;dominant;-0.698;0.06358;0;0.013;0.05518;0.816;0.041;0.05654;0.465;0.295;404;dominant;-0.335;0.07526;0;-0.107;0.06836;0.119;0.134;0.07802;0.086;0.05;Freshwater;River;Autotrophs;Benthic;Benthic flora;Benthic Diatom Assessment Index;Biodiversity;Nutrient stress;Mean total oxidised nitrogen concentration over growing season;Morphological stress;Total River Habitat Modification Score;Nutrient|Morphological;0.92;1
125;388;antagonistic;-0.5659;0.0389;0;-0.1413;0.03999;0.0005;0.0765;0.0345;0.0271;0.4281;388;dominant;-0.205;0.08202;0.013;-0.097;0.06908;0.159;0.071;0.06487;0.271;0.085;387;dominant;-0.47;0.07291;0;0.011;0.07405;0.885;0.056;0.07775;0.477;0.111;Freshwater;River;Autotrophs;Benthic;Benthic flora;Benthic Diatom Assessment Index;Biodiversity;Nutrient stress;Standardized mean annual soluble reactive phosphorus concentration;Morphological stress;Total River Habitat Modification Score;Nutrient|Morphological;0.903;1
126;282;additive;-0.5464;0.0449;0;-0.1818;0.0426;0;-0.0096;0.0448;0.831;0.3799;282;additive;-0.807;0.07034;0;-0.253;0.08117;0.002;-0.111;0.07623;0.147;0.351;282;dominant second;-0.087;0.09764;0.374;-0.326;0.09284;0.001;0.203;0.11381;0.076;0.062;Freshwater;River;Autotrophs;Benthic;Benthic flora;Benthic Diatom Assessment Index;Biodiversity;Nutrient stress;Mean total oxidised nitrogen concentration over growing season;Morphological stress;Degree of riparian shading;Nutrient|Morphological;1;1
127;264;additive;-0.5889;0.0508;0;-0.2473;0.0525;0;0.0596;0.0598;0.32;0.4066;264;additive;-0.323;0.08734;0.00026;-0.279;0.08442;0.001;-0.153;0.09852;0.121;0.0895;263;additive;-0.35;0.0807;0;-0.205;0.08502;0.016;0.098;0.09034;0.278;0.097;Freshwater;River;Autotrophs;Benthic;Benthic flora;Benthic Diatom Assessment Index;Biodiversity;Nutrient stress;Standardized mean annual soluble reactive phosphorus concentration;Morphological stress;Degree of riparian shading;Nutrient|Morphological;1;1
179;13;dominant second;-0.2085;0.2088;0.3442;-0.9809;0.3772;0.0287;0.7885;0.4025;0.0818;0.4699;13;collapse;0.009;0.4417;0.984;-0.6764;0.8974;0.47;-2.548;1.9494;0.224;0.1439;12;collapse;-0.387;0.5644;0.512;-0.663;0.8315;0.448;0.2845;0.6553;0.676;0.1971;Salt water;Marine;Heterotrophs;Benthic;Benthic invertebrates;Coral species richness;Biodiversity;Nutrient stress;Dissolved inorganic nitrogen concentration;Physico-chemical stress;Dissolved oxygen concentration;Nutrient|Chemical;0.322;1
182;90;additive;0.644;0.1156;0;-0.3574;0.1135;0.0056;-0.1873;0.2122;0.3389;0.4112;90;dominant;0.82;0.1827;0.002;-0.123;0.1203;0.335;NA;NA;NA;0.451;90;collapse;-0.896;2.6584;0.744;-2.421;2.4881;0.356;NA;NA;NA;0.336;Salt water;Marine;Autotrophs;Benthic;Benthic flora;Epiphyte biomass;Biomass/Abundance;Physico-chemical stress;Salinity;Light stress;Irradiance;Chemical|Light;0.766;0.334
183;90;synergistic;-0.5384;0.0943;0;-0.3291;0.096;0.003;-0.6372;0.1763;0.00198;0.5532;90;dominant;-0.43;0.17299;0.035;-0.145;0.11325;0.233;NA;NA;NA;0.307;90;dominant second;-0.506;0.3208;0.119;-0.927;0.13027;0;NA;NA;NA;0.64;Salt water;Marine;Autotrophs;Benthic;Benthic flora;Leaf growth ;Biomass/Abundance;Physico-chemical stress;Salinity;Light stress;Irradiance;Chemical|Light;1;0.528
184;90;additive;-0.434;0.0902;0.0001;-0.3265;0.09189;0.00227;-0.27558;0.16866;0.1196;0.4216;90;dominant;-0.546;0.2006;0.024;-0.271;0.1313;0.069;NA;NA;NA;0.462;90;dominant;-2.01;0.37947;0;-0.098;0.15409;0.525;NA;NA;NA;0.461;Salt water;Marine;Autotrophs;Benthic;Benthic flora;Shoot foliar surface;Biomass/Abundance;Physico-chemical stress;Salinity;Light stress;Irradiance;Chemical|Light;1;0.528
186;1232;synergistic;0.5916;0.0199;0;0.1522;0.0252;0;0.0734;0.0096;0;0.437;1243;synergistic;0.537;0.03114;0;0.201;0.02466;0;0.105;0.0131;0;0.149;1221;antagonistic;0.852;0.02954;0;0.231;0.0314;0;-0.142;0.01939;0;0.363;Salt water;Marine;Autotrophs;Pelagic;Phytoplankton;Mean chlorophyll-a concentration;Biomass/Abundance;Thermal stress;Mean temperature;Physico-chemical stress;Mean biological oxygen demand;Thermal|Chemical;0.834;1
187;80;dominant;0.5919;0.0657;0;0.1287;0.0806;0.116;0.0327;0.0776;0.675;0.4797;80;dominant;0.724;0.101658;0;0.201;0.1214;0.102;0.056;0.135346;0.682;0.371;80;dominant;0.452;0.1018;0;0.124;0.152;0.418;-0.0351;0.112;0.755;0.134;Salt water;Marine;Autotrophs;Pelagic;Phytoplankton;Mean chlorophyll-a concentration;Biomass/Abundance;Thermal stress;Median temperature;Physico-chemical stress;Mean biological oxygen demand;Thermal|Chemical;0.982;0.964
188;33;antagonistic;0.4107;0.1362;0.0051;-0.2171;0.1507;0.161;-0.3916;0.1257;0.0038;0.3195;33;collapse;0.328;0.1794;0.077;-0.276;0.167;0.108;-0.27;0.1867;0.158;0.144;33;collapse;0.314;0.1968;0.127;-0.141;0.2295;0.545;-0.369;0.2066;0.088;0.247;Salt water;Marine;Autotrophs;Pelagic;Phytoplankton;Mean chlorophyll-a concentration;Biomass/Abundance;Nutrient stress;Mean orthophosphate concentration;Physico-chemical stress;Biological oxygen demand 95 %ile;Nutrient|Chemical;0.727;1
189;189;synergistic;0.7099;0.0441;0;-0.0019;0.079;0.98098;0.1418;0.0442;0.0016;0.3815;190;dominant;0.375;0.05742;0;-0.005;0.066505;0.942;0.037;0.050976;0.475;0.121;188;dominant;1.204;0.0812;0;-0.018;0.09478;0.846;-0.042;0.07437;0.575;0.392;Salt water;Marine;Autotrophs;Pelagic;Phytoplankton;Mean chlorophyll-a concentration;Biomass/Abundance;Nutrient stress;Total phosphorous concentration 95 %ile;Physico-chemical stress;Mean biological oxygen demand;Nutrient|Chemical;1;0.999
190;92;additive;0.3447;0.0683;0;-0.3272;0.0834;0.0002;-0.1186;0.0648;0.0711;0.3212;92;additive;0.513;0.11512;0;-0.304;0.09948;0.003;-0.024;0.13057;0.854;0.443;91;additive;0.382;0.09037;0;-0.314;0.10647;0.004;-0.14186;0.09162;0.126;0.222;Salt water;Marine;Autotrophs;Pelagic;Phytoplankton;Mean chlorophyll-a concentration;Biomass/Abundance;Nutrient stress;Median total phosphorous concentration ;Physico-chemical stress;Biological oxygen demand 95 %ile;Nutrient|Chemical;1;0.956
191;154;additive;0.60336;0.0564;0;-0.2364;0.0941;0.0135;-0.0137;0.0501;0.7845;0.3663;155;dominant;0.5;0.06545;0;-0.052;0.09248;0.574;-0.07;0.08242;0.396;0.117;152;additive;0.781;0.08319;0;-0.408;0.11738;0.001;0.108;0.06304;0.089;0.307;Salt water;Marine;Autotrophs;Pelagic;Phytoplankton;Mean chlorophyll-a concentration;Biomass/Abundance;Nutrient stress;Mean orthophosphate concentration;Physico-chemical stress;Mean biological oxygen demand;Nutrient|Chemical;0.861;1
192;259;synergistic;0.4974;0.0386;0;0.4363;0.0556;0;0.123;0.0261;0;0.576;259;synergistic;0.606;0.06642;0;0.381;0.05809;0;0.127;0.0392;0.001;0.326;259;synergistic;0.455;0.06822;0;0.388;0.07934;0;0.164;0.06294;0.01;0.436;Salt water;Marine;Autotrophs;Pelagic;Phytoplankton;Mean chlorophyll-a concentration;Biomass/Abundance;Thermal stress;Temperature 95 %ile;Physico-chemical stress;Biological oxygen demand 95 %ile;Thermal|Chemical;0.995;0.821
193;117;dominant;0.8131;0.0486;0;0.0927;0.0771;0.233;-0.0379;0.0478;0.43;0.6247;117;antagonistic;0.591;0.05929;0;0.124;0.08778;0.16;-0.185;0.06662;0.007;0.404;117;dominant;1.133;0.0798;0;-0.052;0.09584;0.592;-0.018;0.0596;0.763;0.531;Salt water;Marine;Autotrophs;Pelagic;Phytoplankton;Mean chlorophyll-a concentration;Biomass/Abundance;Thermal stress;Mean temperature;Physico-chemical stress;Mean biological oxygen demand;Thermal|Chemical;0.828;1
194;182;additive;0.4307;0.0548;0;0.1919;0.0758;0.0124;0.108;0.0562;0.0562;0.2418;183;synergistic;0.401;0.08256;0;0.289;0.11316;0.012;0.206;0.10433;0.05;0.112;181;synergistic;0.354;0.0813;0;0.168;0.10446;0.11;0.178;0.07119;0.013;0.172;Salt water;Marine;Autotrophs;Pelagic;Phytoplankton;Mean chlorophyll-a concentration;Biomass/Abundance;Thermal stress;Mean temperature;Physico-chemical stress;Mean biological oxygen demand;Thermal|Chemical;0.988;0.986
195;71;synergistic;0.4241;0.0944;0;0.2616;0.1169;0.0301;0.3001;0.0726;0.0001;0.3795;72;dominant;0.6974;0.1385;0;0.2421;0.1628;0.142;0.1727;0.1785;0.337;0.286;70;additive;0.3549;0.10778;0.00171;0.47523;0.16597;0.00553;0.14856;0.10109;0.14714;0.405;Salt water;Marine;Autotrophs;Pelagic;Phytoplankton;Mean chlorophyll-a concentration;Biomass/Abundance;Thermal stress;Mean temperature;Physico-chemical stress;Mean biological oxygen demand;Thermal|Chemical;0.902;0.977
196;108;antagonistic;-0.4268;0.1115;0.0002;-0.303;0.0874;0.0008;0.2734;0.1052;0.0107;0.2404;114;collapse;-0.141;0.1719;0.416;-0.059;0.1599;0.713;0.341;0.1997;0.091;0.127;102;collapse;0.45;0.67024;0.504;0.05;0.332;0.882;-0.646;0.5877;0.274;0.199;Salt water;Marine;Heterotrophs;Benthic;Benthic invertebrates;Irish quality index ;Biodiversity;Nutrient stress;Mean winter total oxidised nitrogen concentration (mg/L);Physico-chemical stress;Mean summer dissolved oxygen saturation;Nutrient|Chemical;0.978;0.722
197;108;synergistic;-0.2483;0.08762;0.0055;0.2973;0.0876;0.000979;-0.38085;0.0856;0;0.2598;114;synergistic;-0.248;0.16765;0.141;0.028;0.13953;0.84;-0.508;0.1905;0.009;0.125;102;collapse;0.393;0.4266;0.359;0.16;0.1971;0.42;-0.597;0.3313;0.075;0.167;Salt water;Marine;Heterotrophs;Benthic;Benthic invertebrates;Irish quality index ;Biodiversity;Nutrient stress;Mean winter total oxidised nitrogen concentration (mg/L);Physico-chemical stress;Mean summer pH ;Nutrient|Chemical;0.856;0.973
198;108;dominant;-0.5522;0.1751;0.0031;-0.3173;0.2018;0.124;-0.1537;0.1755;0.3833;0.2295;118;collapse;-0.074;0.22292;0.739;0.721;0.42;0.156;0.48;0.42878;0.273;0.095;98;collapse;0.022;0.32851;0.947;-0.401;0.20902;0.064;0.41;0.32948;0.238;0.055;Salt water;Marine;Heterotrophs;Benthic;Benthic invertebrates;Irish quality index ;Biodiversity;Thermal stress;Mean summer temperature;Physico-chemical stress;Mean summer biological oxygen demand;Thermal|Chemical;0.527;0.992
199;46;dominant;-0.5168;0.146;0.0014;-0.2701;0.1578;0.0951;0.2055;0.1796;0.2609;0.3431;46;synergistic;-0.376;0.15652;0.021;-0.668;0.2356;0.007;-0.533;0.25359;0.042;0.159;45;collapse;-0.059;0.68275;0.931;-0.764;0.46418;0.108;0.682;0.50612;0.186;0.104;Salt water;Marine;Autotrophs;Pelagic;Phytoplankton;Mean summer chlorophyll-a concentration;Biomass/Abundance;Nutrient stress;Mean winter total oxidised nitrogen concentration;Physico-chemical stress;Mean summer dissolved oxygen saturation;Nutrient|Chemical;0.72;1
200;74;dominant;-0.3808;0.109;0.001;0.0473;0.0881;0.5931;-0.0132;0.0904;0.8845;0.1731;74;dominant;-0.396;0.12384;0.002;-0.05;0.10117;0.62;-0.084;0.09078;0.357;0.099;74;collapse;-0.409;0.36966;0.273;0.77;0.3499;0.031;-0.748;0.41062;0.073;0.049;Salt water;Marine;Autotrophs;Pelagic;Phytoplankton;Mean summer chlorophyll-a concentration;Biomass/Abundance;Physico-chemical stress;Mean summer pH;Physico-chemical stress;Mean summer salinity;Chemical|Chemical;0.947;0.654
201;46;dominant;-0.4904;0.1497;0.0029;0.2967;0.152;0.0574;0.1247;0.0819;0.1351;0.3327;46;synergistic;-0.226;0.15807;0.16;0.421;0.16173;0.015;0.21;0.08152;0.016;0.134;45;collapse;0.062;0.62167;0.921;0.228;0.73523;0.758;-0.193;0.90823;0.833;0.005;Salt water;Marine;Autotrophs;Pelagic;Phytoplankton;Mean summer chlorophyll-a concentration;Biomass/Abundance;Nutrient stress;Mean winter phosphate concentration;Physico-chemical stress;Mean summer salinity;Nutrient|Chemical;1;0.402
202;15;dominant;0.4401;0.1485;0.0106;0.2483;0.2443;0.3283;0.0133;0.2817;0.963;0.2601;15;dominant;0.344;0.1415;0.038;0.395;0.3343;0.264;0.107;0.2464;0.675;0.154;14;collapse;0.57;0.38874;0.165;-0.164;0.52727;0.76;0.386;0.57451;0.513;0.303;Salt water;Marine;Autotrophs;Pelagic;Phytoplankton;Mean summer chlorophyll-a concentration;Biomass/Abundance;Nutrient stress;Mean winter total oxidised nitrogen concentration;Physico-chemical stress;Mean summer dissolved oxygen saturation;Nutrient|Chemical;0.464;1
203;21;synergistic;0.5733;0.1799;0.0049;-0.8171;0.2875;0.0111;-0.552;0.224;0.0233;0.599;21;collapse;0.525;0.5519;0.357;-0.275;0.22;0.229;-0.722;0.4444;0.126;0.622;20;collapse;0.47;0.2304;0.058;0.502;0.2773;0.096;-0.686;0.4038;0.106;0.085;Salt water;Marine;Autotrophs;Pelagic;Phytoplankton;Mean summer chlorophyll-a concentration;Biomass/Abundance;Nutrient stress;Mean winter ammonium concentration;Thermal stress;Mean summer temperature;Nutrient|Thermal;0.86;0.73
204;20;dominant;0.8357;0.1041;0;0.002;0.0989;0.984;-0.2172;0.1759;0.237;0.2442;24;collapse;-0.41;0.2699;0.142;-0.358;0.2766;0.208;-0.213;0.5682;0.711;0.142;16;synergistic;0.742;0.07919;0;-0.165;0.14725;0.29;0.536;0.12262;0.002;0.477;Salt water;Marine;Autotrophs;Pelagic;Phytoplankton;Mean summer chlorophyll-a concentration;Biomass/Abundance;Nutrient stress;Mean winter ammonium concentration;Physico-chemical stress;Mean summer pH;Nutrient|Chemical;0.762;0.748
205;27;additive;0.6092;0.0782;0;0.2792;0.07698;0.0012;0.1971;0.0915;0.0408;0.8081;27;collapse;0.431;0.20807;0.051;0.367;0.29764;0.228;0.568;0.46341;0.233;0.164;26;additive;0.556;0.122584;0;0.581;0.104494;0;-0.075;0.088031;0.403;0.846;Salt water;Marine;Autotrophs;Pelagic;Phytoplankton;Mean summer chlorophyll-a concentration;Biomass/Abundance;Thermal stress;Mean summer temperature;Physico-chemical stress;Mean summer biological oxygen demand;Thermal|Chemical;0.587;1
206;31;additive;0.3213;0.1051;0.0049;-0.2932;0.1049;0.0089;-0.1648;0.0982;0.1053;0.4044;31;dominant;0.675;0.324599;0.046;-0.065;0.126587;0.613;-0.006;0.261744;0.982;0.237;30;dominant second;0.292;0.16596;0.09;-0.324;0.15398;0.044;-0.258;0.18782;0.185;0.383;Salt water;Marine;Autotrophs;Pelagic;Phytoplankton;Mean summer chlorophyll-a concentration;Biomass/Abundance;Thermal stress;Mean summer temperature;Physico-chemical stress;Mean summer salinity;Thermal|Chemical;1;0.618
236;78;synergistic;-0.27295;0.0729;0.00037;-0.1539;0.0821;0.0648;-0.1583;0.0668;0.0207;0.1226;78;collapse;0.461;0.39374;0.245;-0.056;0.26108;0.832;0.011;0.23123;0.961;0.024;78;collapse;0.973;5.1409;0.851;3.448;4.189;0.413;-3.955;4.3641;0.368;0.107;Salt water;Marine;Autotrophs;Pelagic;Phytoplankton;Biomass of Dolichospermum spp;Biomass/Abundance;Thermal stress;Temperature treatment;Physico-chemical stress;Acidification (pCO2 treatment);Thermal|Chemical;1;0.814
252;30;dominant;-0.4256;0.11085;0.0008;0.1705;0.1057;0.1183;-0.1652;0.085;0.0615;0.4589;32;collapse;-0.331;0.2064;0.118;0.082;0.19454;0.675;-0.164;0.15303;0.292;0.178;28;collapse;-0.381;0.2931;0.207;0.549;0.3183;0.097;-0.53;0.3315;0.122;0.157;Salt water;Marine;Heterotrophs;Benthic;Benthic invertebrates;Growth rate of molluscs;Biomass/Abundance;Thermal stress;Temperature treatment;Physico-chemical stress;Dissolved oxygen concentration;Thermal|Chemical;1;0.565
287;24;dominant;-0.566;0.1911;0.0077;-0.3184;0.1752;0.0842;-0.3453;0.1763;0.0643;0.3804;24;collapse;-0.16;0.29898;0.598;-0.094;0.19719;0.638;0.067;0.20624;0.747;0.089;24;collapse;-0.16;0.51632;0.76;0.049;0.63813;0.94;-0.265;0.81899;0.75;0.044;Freshwater;Transitional;Heterotrophs;Pelagic;Fish;Average annual goby larvae abundance;Biomass/Abundance;Thermal stress;Mean autumn surface water temperature;Physico-chemical stress;Mean autumn salinity;Thermal|Chemical;1;0.613
288;21;additive;0.6672;0.1359;0.0001;-0.3485;0.1442;0.0272;0.3704;0.2267;0.1206;0.659;21;dominant;0.97;0.308;0.006;0.037;0.4174;0.931;0.758;0.5314;0.172;0.417;20;antagonistic;0.417;0.25867;0.126;-0.804;0.20262;0.001;0.751;0.24246;0.007;0.536;Freshwater;Transitional;Heterotrophs;Pelagic;Fish;Average annual herring spawning stock biomass;Biomass/Abundance;Nutrient stress;Total phosphorous concentration;Morphological stress;Average annual coastal sea ice surface area;Nutrient|Morphological;0.779;1
292;53;additive;0.3187;0.1134;0.0073;-0.3314;0.1168;0.0076;0.0644;0.097;0.5108;0.3414;53;additive;0.786;0.1415;0;-0.675;0.2145;0.003;-0.161;0.1683;0.344;0.46;53;dominant second;0.138;0.4548;0.763;-0.716;0.26536;0.01;0.284;0.31414;0.37;0.275;Salt water;Transitional;Heterotrophs;Pelagic;Fish;AZTI's fish index;Biodiversity;Nutrient stress;Surface ammonium concentration;Physico-chemical stress;Oxygen saturation at bottom;Nutrient|Chemical;0.652;0.836
293;53;additive;-0.4149;0.10979;0.0004;0.2928;0.1145;0.0134;-0.0473;0.118;0.6902;0.3281;53;dominant second;-0.327;0.2349;0.174;0.441;0.1646;0.015;0.14;0.1739;0.424;0.297;53;synergistic;-0.662;0.28774;0.025;0.713;0.22497;0.003;-0.556;0.27532;0.049;0.25;Salt water;Transitional;Heterotrophs;Pelagic;Fish;AZTI's fish index;Biodiversity;Nutrient stress;Surface ammonium concentration;Physico-chemical stress;Salinity at water surface;Nutrient|Chemical;0.906;1
294;1613;synergistic;0.5653;0.0213;0;0.1552;0.0208;0;0.0896;0.0211;0;0.3893;1613;additive;0.851;0.04068;0;0.127;0.03286;0;0.03;0.03361;0.369;0.24;1613;additive;0.545;0.05132;0;0.182;0.04274;0;0.058;0.04652;0.21;0.155;Freshwater;Transitional;Autotrophs;Pelagic;Phytoplankton;Chlorophyll-a concentration;Biomass/Abundance;Nutrient stress;Total organic nitrogen concentration;Thermal stress;Temperature;Nutrient|Thermal;0.752;0.754
295;466;antagonistic;0.4588;0.0467;0;0.1925;0.0412;0;-0.1647;0.0325;0;0.4666;466;antagonistic;0.62;0.06115;0;0.209;0.05245;0;-0.187;0.05144;0;0.559;465;collapse;0.379;0.14547;0.0095;0.385;0.09953;0.000129;-0.306;0.11571;0.008;0.035;Freshwater;Transitional;Autotrophs;Pelagic;Phytoplankton;Chlorophyll-a concentration;Biomass/Abundance;Thermal stress;Temperature;Physico-chemical stress;pH;Thermal|Chemical;1;0.649
296;2215;antagonistic;0.7658;0.0254;0;-0.1064;0.0176;0;-0.1034;0.0189;0;0.5068;2217;antagonistic;1.0884;0.03841;0;-0.3151;0.03219;0;-0.36425;0.03752;0;0.325;2213;additive;0.5051;0.04193;0;-0.2241;0.03541;0;-0.00685;0.03712;0.854;0.1159;Freshwater;Transitional;Autotrophs;Pelagic;Phytoplankton;Chlorophyll-a concentration;Biomass/Abundance;Thermal stress;Temperature;Physico-chemical stress;Salinity;Thermal|Chemical;0.616;0.957
302;68;dominant;0.5434;0.0856;0;-0.06729;0.08053;0.407;0.1397;0.084;0.101;0.4205;69;collapse;0.08;0.14276;0.577;-0.051;0.15234;0.74;0.045;0.25798;0.862;0.016;66;dominant;0.99;0.1553;0;-0.151;0.1683;0.374;0.187;0.1533;0.228;0.395;Freshwater;Transitional;Autotrophs;Pelagic;Phytoplankton;Chlorophyll-a concentration;Biomass/Abundance;Nutrient stress;Mean winter phosphate concentration;Physico-chemical stress;Mean summer pH;Nutrient|Chemical;0.82;1
304;1595;antagonistic;0.7213;0.01724;0;-0.1988;0.0215;0;-0.0591;0.0153;0.0001;0.6399;1596;additive;0.799;0.02429;0;-0.101;0.02718;0.000217;0.035;0.02569;0.17;0.476;1593;antagonistic;0.457;0.0256;0;-0.244;0.02794;0;-0.101;0.02193;0;0.411;Freshwater;Transitional;Autotrophs;Pelagic;Phytoplankton;Chlorophyll-a concentration;Biomass/Abundance;Nutrient stress;Particulate nitrogen concentration;Physico-chemical stress;Salinity;Nutrient|Chemical;1;0.885
305;1598;antagonistic;0.7414;0.0178;0;0.0216;0.0275;0.434;-0.0775;0.0153;0;0.5999;1598;antagonistic;0.731;0.02974;0;-0.132;0.02843;0;-0.138;0.02512;0;0.455;1597;dominant;0.572;0.02426;0;0.009;0.03689;0.808;-0.046;0.02431;0.057;0.241;Freshwater;Transitional;Autotrophs;Pelagic;Phytoplankton;Chlorophyll-a concentration;Biomass/Abundance;Nutrient stress;Particulate nitrogen concentration;Thermal stress;Temperature;Nutrient|Thermal;1;0.976
306;1617;antagonistic;-0.4893;0.0286;0;0.2717;0.0385;0;0.2613;0.0228;0;0.2609;1617;antagonistic;-0.583;0.04378;0;0.317;0.04641;0;0.186;0.04038;0;0.169;1616;additive;-0.335;0.04883;0;0.322;0.04894;0;0.089;0.04557;0.05;0.17;Freshwater;Transitional;Autotrophs;Pelagic;Phytoplankton;Chlorophyll-a concentration;Biomass/Abundance;Thermal stress;Temperature;Physico-chemical stress;Salinity;Thermal|Chemical;1;0.987
307;21;dominant;-0.5798;0.2451;0.0302;-0.3202;0.2277;0.1777;0.1787;0.2205;0.4291;0.2512;21;dominant second;0.458;0.3992;0.267;-0.755;0.3528;0.047;-0.675;0.3675;0.084;0.187;20;collapse;-0.888;0.67592;0.208;-0.24;0.54567;0.666;-0.094;0.61062;0.879;0.287;Freshwater;Transitional;Heterotrophs;Pelagic;Zooplankton;Average annual acartia larvae abundance;Biomass/Abundance;Nutrient stress;Total phosphorous concentration;Physico-chemical stress;Mean autumn salinity;Nutrient|Chemical;0.808;0.859
308;21;dominant;0.5037;0.1505;0.0038;-0.2864;0.1553;0.0827;0.2413;0.17;0.1739;0.6346;21;collapse;0.482;0.2856;0.11;0.073;0.3014;0.811;0.439;0.2951;0.155;0.401;20;dominant second;-0.052;0.23394;0.828;-0.969;0.27643;0.003;0.32;0.26375;0.242;0.63;Freshwater;Transitional;Heterotrophs;Pelagic;Zooplankton;Average annual copepod nauplii abundance;Biomass/Abundance;Nutrient stress;Total nitrogen concentration;Morphological stress;Average annual coastal sea ice surface area;Nutrient|Morphological;0.864;0.667
309;24;additive;0.6151;0.1594;0.00098;0.6;0.1681;0.00192;0.1305;0.1673;0.444;0.5614;24;collapse;0.655;0.3786;0.099;-0.257;0.3564;0.479;-0.387;0.3692;0.307;0.23;24;dominant second;-0.321;0.20376;0.131;0.57;0.20073;0.01;0.046;0.24938;0.857;0.522;Freshwater;Transitional;Heterotrophs;Pelagic;Zooplankton;Average annual copepod nauplii abundance;Biomass/Abundance;Thermal stress;Mean annual surface water temperature;Physico-chemical stress;Mean summer salinity;Thermal|Chemical;1;0.725
310;21;dominant;-0.6277;0.2496;0.0223;0.2142;0.2675;0.4342;0.1577;0.2846;0.5866;0.2728;21;collapse;0.237;0.14152;0.3398;0.208;0.23723;0.392;-0.027;0.25385;0.916;0.191;20;collapse;-0.795;0.3997;0.064;0.495;0.3105;0.13;-0.543;0.473;0.268;0.241;Freshwater;Transitional;Heterotrophs;Pelagic;Zooplankton;Average annual eurytemora abundance;Biomass/Abundance;Nutrient stress;Total phosphorous concentration;Morphological stress;Average annual coastal sea ice surface area;Nutrient|Morphological;0.885;0.922
311;24;dominant;0.5925;0.2263;0.0165;-0.2246;0.2891;0.4463;0.0251;0.299;0.934;0.2347;24;dominant;0.887;0.332;0.015;-0.338;0.3468;0.342;-0.115;0.3957;0.775;0.318;24;collapse;0.214;0.2949;0.476;-0.209;0.3088;0.505;0.165;0.4182;0.697;0.039;Freshwater;Transitional;Heterotrophs;Pelagic;Zooplankton;Average annual eurytemora abundance;Biomass/Abundance;Thermal stress;Mean annual surface water temperature;Physico-chemical stress;Mean spring salinity;Thermal|Chemical;1;0.746
312;50;antagonistic;1.1237;0.3641;0.0033;0.6535;0.1595;0.0002;-1.6893;0.5294;0.0024;0.2808;60;collapse;0.46;2.3219;0.844;0.46;0.4466;0.307;-0.922;2.6778;0.732;0.292;39;dominant second;-0.765;0.9895;0.444;1.658;0.6237;0.011;NA;NA;NA;0.539;Salt water;Transitional;Heterotrophs;Benthic;Benthic invertebrates;AZTI marine biotic index;Biodiversity;Thermal stress;Mean summer temperature;Physico-chemical stress;Mean summer dissolved oxygen saturation;Thermal|Chemical;1;0.422
313;46;antagonistic;-0.5627;0.1353;0.0001;-0.0826;0.1712;0.6319;0.9632;0.3191;0.0041;0.3927;74;dominant second;0.153;0.2001;0.449;-0.457;0.0974;0.002;NA;NA;NA;0.297;17;collapse;0.861;1.147;0.463;2.225;6.32;0.729;-0.687;3.331;0.839;0.295;Salt water;Transitional;Heterotrophs;Benthic;Benthic invertebrates;Irish quality index ;Biodiversity;Nutrient stress;Mean winter phosphate concentration;Physico-chemical stress;Average salinity;Nutrient|Chemical;1;0.228
314;164;additive;-0.5429;0.1028;0;-0.3906;0.0844;0;0.1029;0.075;0.174;0.30696;165;dominant;-0.491;0.1547;0.002;-0.308;0.2199;0.171;0.14;0.1824;0.447;0.214;162;collapse;-0.109;0.2255;0.636;-0.258;0.1393;0.066;0.142;0.152;0.35;0.033;Salt water;Transitional;Heterotrophs;Benthic;Benthic invertebrates;Irish quality index ;Biodiversity;Nutrient stress;Mean winter ammonium concentration;Physico-chemical stress;Average salinity;Nutrient|Chemical;0.697;0.972
315;168;additive;-0.2851;0.1252;0.0306;-0.3113;0.11995;0.0139;-0.0703;0.10336;0.5018;0.2087;180;synergistic;-0.637;0.2003;0.002;-0.637;0.217;0.011;-0.421;0.1618;0.016;0.195;156;collapse;-0.126;0.40051;0.755;-0.13;0.35455;0.718;0.036;0.6569;0.957;0.013;Salt water;Transitional;Heterotrophs;Benthic;Benthic invertebrates;Irish quality index ;Biodiversity;Nutrient stress;Mean winter ammonium concentration;Physico-chemical stress;Mean summer biological oxygen demand;Nutrient|Chemical;0.672;0.739
316;164;dominant;-0.7556;0.1807;0.0005;-0.1863;0.1034;0.0757;0.0741;0.0936;0.4315;0.2927;165;dominant;-0.925;0.2361;0.00019;0.05;0.366;0.892;0.315;0.2933;0.288;0.128;162;collapse;-0.034;0.20807;0.873;-0.274;0.11933;0.023;0.218;0.12939;0.095;0.035;Salt water;Transitional;Heterotrophs;Benthic;Benthic invertebrates;Species number;Biodiversity;Nutrient stress;Mean winter ammonium concentration;Physico-chemical stress;Average salinity;Nutrient|Chemical;0.697;0.972
317;43;dominant;0.3852;0.1565;0.0184;-0.2803;0.1566;0.0811;0.316;0.2327;0.1824;0.2886;48;synergistic;0.433;0.1877;0.026;-0.243;0.2161;0.267;0.619;0.2754;0.03;0.427;38;dominant second;0.293;0.24092;0.236;-0.345;0.15574;0.034;NA;NA;NA;0.138;Salt water;Transitional;Heterotrophs;Benthic;Benthic invertebrates;AZTI marine biotic index;Biodiversity;Nutrient stress;Mean winter total oxidised nitrogen concentration (mg/L);Thermal stress;Mean summer temperature;Nutrient|Thermal;0.527;0.548
318;43;dominant;0.4013;0.15598;0.0136;-0.1418;0.1563;0.3692;0.0174;0.1072;0.8718;0.24495;48;dominant;0.553;0.24158;0.031;-0.453;0.56217;0.424;-0.132;0.3205;0.684;0.281;38;collapse;0.457;0.26208;0.09;-0.093;0.13973;0.508;NA;NA;NA;0.083;Salt water;Transitional;Heterotrophs;Benthic;Benthic invertebrates;AZTI marine biotic index;Biodiversity;Nutrient stress;Mean winter total oxidised nitrogen concentration (mg/L);Physico-chemical stress;Average salinity;Nutrient|Chemical;0.637;0.501
319;43;dominant;0.40129;0.15598;0.0136;-0.1418;0.1563;0.3692;0.0174;0.10721;0.8718;0.24495;48;dominant;0.55333;0.24158;0.0308;-0.45337;0.56217;0.4241;-0.13151;0.3205;0.6835;0.2812;38;collapse;0.4575;0.26208;0.0898;-0.09335;0.13973;0.5083;NA;NA;NA;0.082967;Salt water;Transitional;Heterotrophs;Benthic;Benthic invertebrates;Irish quality index ;Biodiversity;Nutrient stress;Mean winter total oxidised nitrogen concentration (mg/L);Thermal stress;Mean summer temperature;Nutrient|Thermal;0.637;0.501
320;43;additive;0.5781;0.1431;0.0002;-0.3175;0.139;0.0388;-0.4786;0.3605;0.1914;0.3351;75;synergistic;0.243;0.1504;0.111;-0.428;0.1426;0.009;-3.294;0.9966;0.001;0.343;11;collapse;0.122;0.12346;0.347;0.16;0.67526;0.818;-0.059;0.28695;0.843;0.014;Salt water;Transitional;Heterotrophs;Benthic;Benthic invertebrates;Simpson's evenness;Biodiversity;Thermal stress;Mean summer temperature;Physico-chemical stress;Average salinity;Thermal|Chemical;1;0.172
321;143;synergistic;-0.4266;0.0716;0;-0.0186;0.0728;0.7986;-0.2134;0.0877;0.0161;0.318;144;additive;-0.306;0.09188;0.001;0.187;0.08606;0.032;-0.093;0.10148;0.361;0.193;142;dominant;-0.683;0.2514;0.007;0.143;0.1754;0.417;-0.285;0.1898;0.136;0.099;Salt water;Transitional;Heterotrophs;Benthic;Benthic invertebrates;Benthic Quality Index;Biodiversity;Nutrient stress;Total nitrogen concentration;Toxic stress;Copper concentration;Nutrient|Toxic;0.639;1
322;177;additive;-0.4508;0.0708;0;-0.2202;0.0658;0.001;-0.0437;0.0686;0.5254;0.226;177;additive;-0.542;0.09821;0;-0.301;0.11781;0.012;-0.113;0.12438;0.366;0.219;177;collapse;-0.071;0.1112;0.522;-0.197;0.0869;0.025;0.161;0.0977;0.102;0.015;Salt water;Transitional;Heterotrophs;Benthic;Benthic invertebrates;Multivariate-AMBI;Biodiversity;Nutrient stress;Total phosphorous concentration;Morphological stress;Amount of fine sediment (< 2mm);Nutrient|Morphological;0.476;1
323;35;dominant;0.7033;0.1361;0;-0.06496;0.1607;0.688;-0.1946;0.2377;0.418;0.4773;35;synergistic;0.367;0.2162;0.099;-0.299;0.1731;0.093;-0.801;0.3804;0.043;0.202;34;collapse;0.305;0.2756;0.277;-0.243;0.3897;0.537;0.235;0.4005;0.561;0.111;Salt water;Transitional;Heterotrophs;Benthic;Benthic invertebrates;Metals Benthic Health Model score;Biodiversity;Nutrient stress;Total phosphorous concentration;Morphological stress;Amount of fine sediment (< 2mm);Nutrient|Morphological;0.662;1
324;43;dominant;0.544;0.1258;0.0001;0.0273;0.1192;0.8197;-0.1319;0.1072;0.228;0.3115;43;dominant;0.798;0.1814;0;-0.219;0.1945;0.294;-0.608;0.345;0.087;0.34;42;collapse;0.479;0.2537;0.066;-0.175;0.2305;0.454;0.123;0.268;0.65;0.105;Salt water;Transitional;Heterotrophs;Benthic;Benthic invertebrates;Mud Benthic Health Model score;Biodiversity;Nutrient stress;Total phosphorous concentration;Morphological stress;Amount of fine sediment (< 2mm);Nutrient|Morphological;0.636;1
325;168;dominant;0.4299;0.0851;0;0.0547;0.0769;0.478;-0.0738;0.0488;0.132;0.2118;168;dominant;0.262;0.1164;0.026;0.138;0.1191;0.247;0.014;0.1171;0.905;0.088;168;collapse;0.411;0.1691;0.016;0.224;0.1679;0.184;-0.157;0.1221;0.199;0.041;Salt water;Transitional;Heterotrophs;Benthic;Benthic invertebrates;Richness-Integrated Marine Biotic Index;Biodiversity;Nutrient stress;Total phosphorous concentration;Toxic stress;Lead concentration;Nutrient|Toxic;0.72;1
327;28;antagonistic;-0.3588;0.1762;0.0515;-0.0153;0.1595;0.9244;0.5342;0.1486;0.0083;0.2782;28;collapse;-0.649;0.095954;0.957;-0.542;0.296787;0.968;-0.147;0.132234;0.972;0.203;28;collapse;0.404;0.281315;0.972;-0.583;0.143911;0.964;-1.201;0.111476;0.956;0.263;Freshwater;Transitional;Heterotrophs;Pelagic;Fish;Fish catch per unit effort;Biomass/Abundance;Nutrient stress;Maximum total nitrogen concentration;Physico-chemical stress;Mean salinity;Nutrient|Chemical;1;0.83
328;28;additive;-0.4217;0.1197;0.0023;0.3429;0.1552;0.0368;-0.1042;0.163;0.5289;0.4713;28;collapse;-0.605;0.072644;0.122;-0.296;0.731883;0.77;-0.758;0.826418;0.562;0.259;28;collapse;-1.025;0.29887;0.955;0.437;0.27844;0.963;-0.527;0.17429;0.956;0.412;Freshwater;Transitional;Heterotrophs;Pelagic;Fish;Fish catch per unit effort;Biomass/Abundance;Nutrient stress;Maximum phosphate concentration;Thermal stress;Mean temperature;Nutrient|Thermal;1;0.819
331;28;dominant;-0.3732;0.1642;0.0322;0.1923;0.1737;0.2794;-0.2532;0.2043;0.2272;0.2929;28;collapse;-0.352;0.32442;0.289;-0.024;0.79638;0.976;-0.236;0.91576;0.799;0.086;28;collapse;-0.844;0.4256;0.059;0.155;0.447;0.731;-0.44;0.385;0.264;0.257;Freshwater;Transitional;Heterotrophs;Pelagic;Fish;Gadus morhua catch per unit effort;Biomass/Abundance;Nutrient stress;Maximum phosphate concentration;Thermal stress;Mean temperature;Nutrient|Thermal;1;0.819
333;28;dominant;-0.4176;0.158;0.0143;0.17147;0.1693;0.3213;0.0436;0.1893;0.82;0.2847;28;additive;-0.844;0.2568;0.003;0.601;0.2909;0.0499;0.463;0.3172;0.158;0.387;28;collapse;3.138;4.311;0.474;-3.171;2.47;0.145;3.559;2.556;0.177;0.15;Freshwater;Transitional;Heterotrophs;Pelagic;Fish;Gadus morhua catch per unit effort;Biomass/Abundance;Thermal stress;Mean temperature;Physico-chemical stress;Mean salinity;Thermal|Chemical;0.746;0.941
334;18;dominant;-0.6451;0.2406;0.0179;-0.0831;0.23696;0.7312;0.2456;0.1393;0.0997;0.592;18;dominant second;-0.153;0.52419;0.775;-0.575;0.24587;0.035;0.048;0.31305;0.88;0.64;17;dominant;-1.062;0.4094;0.022;-0.777;0.8136;0.357;0.918;0.6421;0.176;0.308;Freshwater;Transitional;Heterotrophs;Pelagic;Fish;Platichthys flesus catch per unit effort;Biomass/Abundance;Nutrient stress;Mean nitrate concentration;Physico-chemical stress;Maximum pH;Nutrient|Chemical;0.806;0.578
335;28;dominant;-0.7544;0.1277;0;-0.0147;0.1118;0.8966;-0.2128;0.1201;0.0873;0.6107;28;dominant;-0.687;0.20849;0.0027;0.169;0.14419;0.252;-0.011;0.14087;0.938;0.332;28;antagonistic;0.383;0.3767;0.318;-1.319;0.2876;0;1.551;0.3652;0.000216;0.44;Freshwater;Transitional;Heterotrophs;Pelagic;Fish;Platichthys flesus catch per unit effort;Biomass/Abundance;Nutrient stress;Mean nitrate concentration;Thermal stress;Mean temperature;Nutrient|Thermal;1;0.818
336;27;synergistic;-0.7976;0.233;0.00212;-0.1505;0.3142;0.6359;-0.954;0.2314;0.0004;0.3552;27;synergistic;1.023;0.278;0.001;0.481;0.1558;0.005;0.526;0.244;0.04;0.605;26;collapse;-4.769;8.642;0.586;-1.896;4.765;0.694;3.441;10.095;0.736;0.336;Freshwater;Transitional;Heterotrophs;Pelagic;Fish;Pleuronectes platessa catch per unit effort;Biomass/Abundance;Nutrient stress;Mean total phosphorous concentration;Physico-chemical stress;Maximum salinity;Nutrient|Chemical;1;0.776
339;188;antagonistic;0.4583;0.0559;0;0.0656;0.0548;0.2327;-0.0711;0.0357;0.0477;0.281;189;additive;0.213;0.08;0.009;0.139;0.06618;0.037;0.053;0.06733;0.429;0.061;187;dominant;0.795;0.07524;0;0.068;0.08142;0.403;-0.066;0.04687;0.163;0.295;Salt water;Transitional;Autotrophs;Pelagic;Phytoplankton;Mean summer chlorophyll-a concentration;Biomass/Abundance;Nutrient stress;Mean winter ammonium concentration;Physico-chemical stress;Mean summer biological oxygen demand;Nutrient|Chemical;0.774;0.887
340;247;synergistic;0.4794;0.0513;0;-0.028;0.0628;0.6558;0.158;0.0413;0.0002;0.2934;247;collapse;0.263;0.07064;0;0.017;0.09395;0.854;-0.026;0.08482;0.762;0.048;246;synergistic;0.701;0.07618;0;-0.038;0.07127;0.591;0.105;0.04828;0.03;0.285;Salt water;Transitional;Autotrophs;Pelagic;Phytoplankton;Mean summer chlorophyll-a concentration;Biomass/Abundance;Physico-chemical stress;Mean summer pH;Physico-chemical stress;Mean summer biological oxygen demand;Chemical|Chemical;0.624;1
341;247;dominant;0.4152;0.0573;0;0.041;0.05333;0.444;0.0187;0.0533;0.726;0.2457;248;dominant;0.261;0.07139;0;0.112;0.0779;0.151;0.05;0.06918;0.47;0.051;246;dominant;0.719;0.09674;0;0.059;0.07419;0.427;0.019;0.07846;0.808;0.264;Salt water;Transitional;Autotrophs;Pelagic;Phytoplankton;Mean summer chlorophyll-a concentration;Biomass/Abundance;Thermal stress;Mean summer temperature;Physico-chemical stress;Mean summer biological oxygen demand;Thermal|Chemical;0.782;0.905
342;1454;antagonistic;0.1305;0.0275;0;0.0617;0.03798;0.105;-0.3267;0.0256;0;0.2404;1455;additive;0.345;0.04331;0;0.431;0.0533;0;-0.036;0.03698;0.329;0.217;1453;collapse;0.023;0.06342;0.712;0.089;0.07739;0.248;-0.453;0.09813;0;0.044;Freshwater;Transitional;Autotrophs;Pelagic;Phytoplankton;Chlorophyll-a concentration;Biomass/Abundance;Physico-chemical stress;Acidification (pH);Physico-chemical stress;Salinity;Chemical|Chemical;1;0.845
343;2058;antagonistic;-0.4457;0.0197;0;0.1046;0.0274;0.0001;0.2379;0.01898;0;0.2689;2063;collapse;-0.249;0.03624;0;0.055;0.04223;0.192;0.065;0.03858;0.09;0.014;2052;antagonistic;-0.662;0.04598;0;-0.098;0.04415;0.026;0.347;0.03937;0;0.248;Freshwater;Transitional;Autotrophs;Pelagic;Phytoplankton;Chlorophyll-a concentration;Biomass/Abundance;Nutrient stress;Nitrite and nitrate concentration;Physico-chemical stress;Salinity;Nutrient|Chemical;1;0.986
344;1561;synergistic;-0.5044;0.0224;0;0.44165;0.02148;0;0.1636;0.0229;0;0.2909;1562;antagonistic;-0.664;0.03399;0;0.489;0.0327;0;0.15;0.03631;0;0.297;1559;dominant second;-0.056;0.04128;0.179;0.421;0.02946;0;-0.008;0.03653;0.829;0.227;Salt water;Transitional;Autotrophs;Pelagic;Phytoplankton;Chlorophyll-a concentration;Biomass/Abundance;Nutrient stress;Orthophosphate concentration;Thermal stress;Water temperature;Nutrient|Thermal;1;0.714
345;1605;antagonistic;0.4354;0.0411;0;-0.157;0.0222;0;-0.1474;0.0205;0;0.2284;1616;collapse;0.25238;0.04173;0;-0.1259;0.03496;0.000326;-0.11504;0.03537;0.001168;0.03187;1593;antagonistic;0.98048;0.0776;0;-0.14704;0.05214;0.00486;-0.13226;0.05379;0.01404;0.21777;Salt water;Transitional;Autotrophs;Pelagic;Phytoplankton;Chlorophyll-a concentration;Biomass/Abundance;Nutrient stress;Ammonium concentration;Thermal stress;Water temperature;Nutrient|Thermal;1;0.95
346;1506;synergistic;0.42075;0.0246;0;0.2299;0.0212;0;0.0456;0.0206;0.027;0.3124;1509;synergistic;0.481;0.02896;0;0.214;0.02829;0;0.061;0.02663;0.022;0.234;1503;antagonistic;0.624;0.11806;0;0.647;0.07162;0;-0.47;0.09219;0;0.121;Salt water;Transitional;Autotrophs;Pelagic;Phytoplankton;Chlorophyll-a concentration;Biomass/Abundance;Thermal stress;Water temperature;Physico-chemical stress;Salinity;Thermal|Chemical;1;0.41
347;1701;antagonistic;0.4335;0.0193;0;-0.3275;0.0203;0;-0.07598;0.019;0;0.2878;1721;synergistic;0.41;0.03112;0;-0.178;0.03226;0;0.082;0.03041;0.007;0.128;1680;antagonistic;0.733;0.04478;0;-0.213;0.04407;0;-0.176;0.04335;0;0.273;Salt water;Transitional;Autotrophs;Pelagic;Phytoplankton;Chlorophyll-a concentration;Biomass/Abundance;Nutrient stress;Nitrite and nitrate concentration;Thermal stress;Water temperature;Nutrient|Thermal;0.978;1
348;937;synergistic;-0.4376;0.029995;0;0.04296;0.02059;0.0372;-0.10786;0.0175;0;0.2421;937;synergistic;-0.484;0.03634;0;-0.022;0.0369;0.559;-0.156;0.02903;0;0.101;936;collapse;-0.196;0.04779;0;0.201;0.04418;0;-0.297;0.05164;0;0.041;Salt water;Transitional;Autotrophs;Pelagic;Phytoplankton;Chlorophyll-a concentration;Biomass/Abundance;Nutrient stress;Nitrite and nitrate concentration;Physico-chemical stress;Salinity;Nutrient|Chemical;0.623;1
349;1995;antagonistic;-0.3749;0.03095;0;0.132;0.0373;0.0004;0.2868;0.0231;0;0.1938;2040;synergistic;-0.41;0.03684;0;0.265;0.04434;0;0.302;0.03105;0;0.109;1950;synergistic;-0.134;0.05709;0.019;0.17;0.06723;0.012;0.127;0.05268;0.016;0.064;Salt water;Transitional;Autotrophs;Pelagic;Phytoplankton;Chlorophyll-a concentration;Biomass/Abundance;Nutrient stress;Orthophosphate concentration;Thermal stress;Water temperature;Nutrient|Thermal;1;0.676
350;15329;synergistic;0.6832;0.0052;0;-0.1169;0.0086;0;0.0432;0.0053;0;0.4652;15353;synergistic;0.707;0.008357;0;-0.292;0.0135;0;0.028;0.008134;0;0.388;15305;additive;0.625;0.01302;0;-0.0751;0.01492;0;0.028;0.0149;0.065;0.1;Salt water;Transitional;Autotrophs;Pelagic;Phytoplankton;Chlorophyll-a concentration;Biomass/Abundance;Thermal stress;Water temperature;Physico-chemical stress;Salinity;Thermal|Chemical;0.1;1
351;2285;additive;0.4566;0.0144;0;-0.2759;0.0155;0;0.02498;0.0154;0.105;0.3296;2303;additive;0.42;0.02546;0;-0.306;0.0246;0;0.007;0.0255;0.783;0.222;2267;synergistic;0.617;0.03473;0;-0.432;0.03364;0;0.23185;0.03418;0;0.182;Freshwater;Transitional;Autotrophs;Pelagic;Phytoplankton;Chlorophyll-a concentration;Biomass/Abundance;Nutrient stress;Orthophosphate concentration;Thermal stress;Water temperature;Nutrient|Thermal;0.996;0.897
352;1653;additive;0.37119;0.02228;0;-0.2079;0.02327;0;0.0205;0.0233;0.379;0.223;1660;synergistic;0.396;0.03254;0;-0.004;0.03818;0.921;0.116;0.04025;0.004;0.125;1645;dominant second;0.115;0.06056;0.059;-0.25;0.04384;0;-0.051;0.05252;0.33;0.089;Salt water;Transitional;Autotrophs;Pelagic;Phytoplankton;Chlorophyll-a concentration;Biomass/Abundance;Thermal stress;Water temperature;Physico-chemical stress;Salinity;Thermal|Chemical;0.779;1
